主管单位,报考单位,报考职位,计划招考人数,报考人数,审核通过人数,交费人数
万州区,万州区乡镇机关,综合管理1,3,16,6,3
万州区,万州区乡镇机关,综合管理2,3,8,3,2
万州区,万州区乡镇机关,综合管理3,3,29,9,2
万州区,万州区乡镇机关,综合管理4,3,17,5,1
万州区,万州区乡镇机关,综合管理5,3,30,4,3
万州区,万州区乡镇机关,综合管理6,3,21,3,2
万州区,万州区乡镇机关,综合管理7,2,11,1,0
万州区,万州区乡镇机关,综合管理8,2,16,1,1
万州区,万州区乡镇机关,综合管理9,1,0,0,0
万州区,万州区乡镇机关,综合管理10,1,0,0,0
万州区,万州区乡镇机关,综合管理11,3,69,11,0
万州区,万州区乡镇机关,综合管理12,3,60,0,0
万州区,万州区乡镇机关,综合管理13,3,14,1,0
万州区,万州区街道机关,综合管理14,3,40,6,2
万州区,万州区街道机关,综合管理15,3,42,13,5
万州区,万州区纪委监委,纪检监察1,3,10,2,1
万州区,万州区纪委监委,纪检监察2,3,14,4,1
万州区,万州区委社会工作部,综合管理,1,4,2,0
万州区,万州区发展改革委,经济管理1,1,9,3,3
万州区,万州区发展改革委,经济管理2,1,4,2,1
万州区,万州区经济信息委,工业经济管理,3,17,6,3
万州区,万州区司法局,司法助理1,3,3,2,0
万州区,万州区司法局,司法助理2,3,3,1,0
万州区,万州区司法局,综合管理,1,2,0,0
万州区,万州区人力社保局,综合管理,1,5,1,0
万州区,万州区规划自然资源局,综合管理,1,10,6,3
万州区,万州区住房城乡建委,建设管理,1,2,0,0
万州区,万州区交通运输委,综合管理,1,1,0,0
万州区,万州区水利局,综合管理1,1,6,2,0
万州区,万州区水利局,综合管理2,1,2,1,0
万州区,万州区水利局,综合管理3,1,1,0,0
万州区,万州区农业农村委,综合管理1,1,6,2,1
万州区,万州区农业农村委,综合管理2,1,5,0,0
万州区,万州区商务委,综合管理,1,7,1,1
万州区,万州区文化旅游委,综合管理1,1,1,0,0
万州区,万州区文化旅游委,综合管理2,1,0,0,0
万州区,万州区文化旅游委,综合管理3,1,1,0,0
万州区,万州区卫生健康委,综合管理,1,10,2,2
万州区,万州区应急管理局,安全监管,1,12,7,1
万州区,万州区林业局,综合管理,1,3,0,0
万州区,万州区信访办,机关党建,1,0,0,0
万州区,万州区市场监管局,行政执法1,2,2,0,0
万州区,万州区市场监管局,行政执法2,2,1,0,0
万州区,万州区市场监管局,食药监管1,3,32,10,4
万州区,万州区市场监管局,食药监管2,3,33,6,5
万州区,万州区市场监管局,特种设备监管1,2,14,7,3
万州区,万州区市场监管局,特种设备监管2,2,6,2,0
万州区,万州区市场监管局,综合管理1,1,2,1,1
万州区,万州区市场监管局,综合管理2,1,0,0,0
万州区,万州区市场监管局,综合管理3,2,9,3,1
万州区,万州区市场监管局,综合管理4,2,3,0,0
万州区,万州区机关事务中心（参照）,设备管理,1,3,2,1
万州区,万州区委组织部党员教育中心（参照）,综合管理,1,5,2,1
万州区,万州区老干部活动中心（参照）,综合管理,1,2,1,0
万州区,万州区军队离休退休干部服务管理中心（参照）,综合管理,1,9,0,0
万州区,万州区民政局婚姻登记处（参照）,综合管理,1,2,0,0
万州区,万州区救助管理站（参照）,救助管理1,1,8,1,0
万州区,万州区救助管理站（参照）,救助管理2,1,3,0,0
万州区,万州区殡葬管理所（参照）,殡葬管理,1,13,0,0
万州区,万州区国库集中支付中心（参照）,综合管理1,1,0,0,0
万州区,万州区国库集中支付中心（参照）,综合管理2,1,0,0,0
万州区,万州区会计委派管理中心（参照）,综合管理1,1,1,0,0
万州区,万州区会计委派管理中心（参照）,综合管理2,1,0,0,0
万州区,万州区就业人才中心（参照）,综合管理1,1,0,0,0
万州区,万州区就业人才中心（参照）,综合管理2,1,1,0,0
万州区,万州区社保中心（参照）,综合管理1,1,3,0,0
万州区,万州区社保中心（参照）,综合管理2,1,4,0,0
万州区,万州区社保中心（参照）,社保稽核,1,0,0,0
万州区,万州区农业经营管理站（参照）,综合管理,1,0,0,0
万州区,万州区红十字会（参照）,综合管理,1,3,0,0
万州区,万州社会经济调查队（参照）,综合管理,1,2,0,0
万州区,万州区医保中心（参照）,综合管理,1,1,0,0
万州区,万州区农业综合行政执法支队（参照）,行政执法1,2,4,3,3
万州区,万州区农业综合行政执法支队（参照）,行政执法2,2,4,2,1
万州区,万州区农业综合行政执法支队（参照）,行政执法3,1,6,1,0
万州区,万州区生态环境保护综合行政执法支队（参照）,行政执法1,2,12,3,0
万州区,万州区生态环境保护综合行政执法支队（参照）,行政执法2,2,8,4,2
万州区,万州区城市管理综合行政执法支队（参照）,行政执法1,2,3,2,0
万州区,万州区城市管理综合行政执法支队（参照）,行政执法2,2,3,1,0
万州区,万州区城市管理综合行政执法支队（参照）,行政执法3,2,0,0,0
万州区,万州区城市管理综合行政执法支队（参照）,行政执法4,2,2,1,0
万州区,万州区城市管理综合行政执法支队（参照）,行政执法5,1,6,2,2
万州区,万州区城市管理综合行政执法支队（参照）,行政执法6,1,4,1,0
万州区,万州区文化市场综合行政执法支队（参照）,法制审核1,1,0,0,0
万州区,万州区文化市场综合行政执法支队（参照）,法制审核2,1,0,0,0
万州区,万州区应急管理综合行政执法支队（参照）,行政执法1,1,2,1,0
万州区,万州区应急管理综合行政执法支队（参照）,行政执法2,1,0,0,0
万州区,万州区应急管理综合行政执法支队（参照）,行政执法3,1,0,0,0
万州区,万州区公安局,基层执法勤务1,3,8,4,0
万州区,万州区公安局,基层执法勤务2,3,4,1,0
万州区,万州区公安局,基层执法勤务3,3,2,2,2
万州区,万州区公安局,基层执法勤务4,3,3,1,0
万州区,万州区公安局,基层执法勤务5,2,8,4,2
万州区,万州区公安局,基层执法勤务6,3,13,4,3
万州区,万州区公安局,基层执法勤务7,3,10,7,3
黔江区,黔江区乡镇机关,综合管理1,3,18,6,3
黔江区,黔江区乡镇机关,综合管理2,3,11,8,4
黔江区,黔江区乡镇机关,综合管理3,2,11,6,1
黔江区,黔江区乡镇机关,综合管理4,2,12,6,1
黔江区,黔江区乡镇机关,综合管理5,1,3,2,1
黔江区,黔江区乡镇机关,综合管理6,2,8,6,3
黔江区,黔江区乡镇机关,综合管理7,2,0,0,0
黔江区,黔江区城东街道办事处,综合管理,1,38,31,8
黔江区,黔江区城西街道办事处,综合管理,1,5,4,0
黔江区,黔江区委办公室,综合管理,1,0,0,0
黔江区,黔江区委改革办公室,综合管理,1,7,5,1
黔江区,黔江区纪委监委,纪检监察1,1,0,0,0
黔江区,黔江区纪委监委,纪检监察2,2,9,8,5
黔江区,黔江区纪委监委,纪检监察3,2,1,1,0
黔江区,黔江区委宣传部,综合管理,1,3,3,1
黔江区,黔江区委网信办,综合管理,1,2,0,0
黔江区,黔江区发展改革委,综合管理,1,5,2,0
黔江区,黔江区经济信息委,综合管理1,1,6,4,1
黔江区,黔江区经济信息委,综合管理2,1,11,7,2
黔江区,黔江区民政局,综合管理1,1,10,8,1
黔江区,黔江区民政局,综合管理2,1,10,8,1
黔江区,黔江区财政局,综合管理1,1,2,1,0
黔江区,黔江区财政局,综合管理2,1,8,6,1
黔江区,黔江区人力社保局,综合管理1,1,14,13,4
黔江区,黔江区人力社保局,综合管理2,1,12,10,4
黔江区,黔江区规划和自然资源局,规划管理1,1,2,1,0
黔江区,黔江区规划和自然资源局,规划管理2,1,1,1,0
黔江区,黔江区规划和自然资源局,综合管理1,2,12,12,7
黔江区,黔江区规划和自然资源局,综合管理2,2,6,5,2
黔江区,黔江区住房城乡建委,综合管理,1,9,8,3
黔江区,黔江区交通运输委,综合管理,2,11,10,3
黔江区,黔江区农业农村委,综合管理1,1,4,3,0
黔江区,黔江区农业农村委,综合管理2,2,14,10,8
黔江区,黔江区农业农村委,综合管理3,1,12,11,3
黔江区,黔江区商务委,综合管理1,1,5,4,1
黔江区,黔江区商务委,综合管理2,1,8,3,0
黔江区,黔江区文化旅游委,综合管理1,1,28,19,5
黔江区,黔江区文化旅游委,综合管理2,1,8,6,2
黔江区,黔江区卫生健康委,综合管理1,1,5,1,0
黔江区,黔江区卫生健康委,综合管理2,1,6,1,1
黔江区,黔江区卫生健康委,综合管理3,1,0,0,0
黔江区,黔江区应急管理局,综合管理1,1,3,0,0
黔江区,黔江区应急管理局,综合管理2,1,4,2,1
黔江区,黔江区应急管理局,综合管理3,1,3,0,0
黔江区,黔江区林业局,综合管理,2,11,3,2
黔江区,黔江区大数据发展局,综合管理,2,29,10,6
黔江区,黔江高新区管委会,综合管理1,1,16,9,1
黔江区,黔江高新区管委会,综合管理2,1,2,1,1
黔江区,黔江区司法局,综合管理1,1,2,2,1
黔江区,黔江区司法局,综合管理2,1,4,1,0
黔江区,黔江区司法局,司法助理员1,1,6,4,0
黔江区,黔江区司法局,司法助理员2,1,6,4,2
黔江区,黔江区司法局,司法助理员3,1,1,1,0
黔江区,黔江区市场监管局,行政执法1,1,5,1,0
黔江区,黔江区市场监管局,行政执法2,1,13,10,2
黔江区,黔江区市场监管局,行政执法3,1,0,0,0
黔江区,黔江区市场监管局,行政执法4,1,3,1,1
黔江区,黔江区市场监管局,行政执法5,1,7,5,3
黔江区,黔江区市场监管局,行政执法6,1,0,0,0
黔江区,黔江区市场监管局,行政执法7,1,2,0,0
黔江区,黔江区委党校（参照）,综合管理1,1,4,3,0
黔江区,黔江区委党校（参照）,综合管理2,2,15,6,2
黔江区,黔江区档案馆（参照）,综合管理,1,4,2,0
黔江区,黔江区供销合作社（参照）,综合管理1,1,3,0,0
黔江区,黔江区供销合作社（参照）,综合管理2,1,0,0,0
黔江区,黔江区机关事业单位登记管理中心（参照）,综合管理,1,0,0,0
黔江区,黔江区预算绩效和国库集中支付管理中心（参照）,综合管理1,1,5,3,0
黔江区,黔江区预算绩效和国库集中支付管理中心（参照）,综合管理2,1,8,4,4
黔江区,黔江区社会保险事务中心（参照）,综合管理1,1,4,3,0
黔江区,黔江区社会保险事务中心（参照）,综合管理2,1,8,4,1
黔江区,黔江区就业和人才中心（参照）,综合管理1,1,6,4,2
黔江区,黔江区就业和人才中心（参照）,综合管理2,1,4,2,0
黔江区,黔江区就业和人才中心（参照）,综合管理3,1,0,0,0
黔江区,黔江区劳动人事争议仲裁院（参照）,综合管理1,1,7,5,1
黔江区,黔江区劳动人事争议仲裁院（参照）,综合管理2,1,0,0,0
黔江区,黔江区经济社会调查队（参照）,综合管理1,1,3,2,0
黔江区,黔江区经济社会调查队（参照）,综合管理2,1,3,1,0
黔江区,黔江区医疗保障事务中心（参照）,综合管理,1,21,9,1
黔江区,黔江区畜牧发展中心（参照）,综合管理,2,7,5,4
黔江区,黔江区残疾人联合会（参照）,康复维权,1,2,2,0
黔江区,黔江区妇女联合会（参照）,综合管理,1,2,1,0
黔江区,黔江区应急管理综合行政执法支队（参照）,行政执法1,1,10,4,1
黔江区,黔江区应急管理综合行政执法支队（参照）,行政执法2,1,6,5,1
黔江区,黔江区城市管理综合行政执法支队（参照）,综合管理1,1,4,1,1
黔江区,黔江区城市管理综合行政执法支队（参照）,综合管理2,1,1,1,0
黔江区,黔江区城市管理综合行政执法支队（参照）,行政执法,1,10,4,1
黔江区,黔江区公安局,基层警务技术职位(信息通信),2,11,4,3
黔江区,黔江区公安局,基层执法勤务职位1,2,4,3,1
黔江区,黔江区公安局,基层执法勤务职位2,2,17,11,3
涪陵区,涪陵区乡镇机关,信息建设职位1,6,27,11,2
涪陵区,涪陵区乡镇机关,信息建设职位2,6,31,14,4
涪陵区,涪陵区乡镇机关,信息建设职位3,4,6,2,2
涪陵区,涪陵区珍溪镇人民政府,基层治理职位,1,12,3,0
涪陵区,涪陵区珍溪镇人民政府,综合管理职位1,1,3,1,1
涪陵区,涪陵区珍溪镇人民政府,综合管理职位2,1,2,1,0
涪陵区,涪陵区新妙镇人民政府,基层治理职位,1,14,7,1
涪陵区,涪陵区新妙镇人民政府,综合管理职位1,1,8,1,1
涪陵区,涪陵区新妙镇人民政府,综合管理职位2,1,11,4,2
涪陵区,涪陵区南沱镇人民政府,综合管理职位,1,4,2,1
涪陵区,涪陵区清溪镇人民政府,基层治理职位,1,2,0,0
涪陵区,涪陵区百胜镇人民政府,基层治理职位1,1,3,3,1
涪陵区,涪陵区百胜镇人民政府,基层治理职位2,1,0,0,0
涪陵区,涪陵区百胜镇人民政府,综合管理职位,1,3,0,0
涪陵区,涪陵区石沱镇人民政府,基层治理职位1,1,5,4,1
涪陵区,涪陵区石沱镇人民政府,基层治理职位2,1,8,1,0
涪陵区,涪陵区龙潭镇人民政府,基层治理职位,1,3,0,0
涪陵区,涪陵区龙潭镇人民政府,综合管理职位,1,5,1,1
涪陵区,涪陵区马武镇人民政府,基层治理职位,1,2,1,1
涪陵区,涪陵区焦石镇人民政府,基层治理职位,1,24,10,3
涪陵区,涪陵区同乐镇人民政府,综合管理职位,1,5,4,4
涪陵区,涪陵区大顺镇人民政府,综合管理职位,1,11,3,2
涪陵区,涪陵区街道机关,数字建设职位1,6,44,13,5
涪陵区,涪陵区街道机关,数字建设职位2,5,19,9,5
涪陵区,涪陵区李渡街道办事处,规划建设职位1,1,3,0,0
涪陵区,涪陵区李渡街道办事处,规划建设职位2,1,0,0,0
涪陵区,涪陵区李渡街道办事处,财务管理职位,1,6,1,0
涪陵区,涪陵区敦仁街道办事处,综合管理职位,1,4,1,1
涪陵区,涪陵区崇义街道办事处,综合管理职位,1,1,0,0
涪陵区,涪陵区江东街道办事处,经济发展职位,1,4,1,1
涪陵区,涪陵区江东街道办事处,基层治理职位1,1,2,1,1
涪陵区,涪陵区江东街道办事处,基层治理职位2,1,2,1,0
涪陵区,涪陵区江北街道办事处,经济发展职位1,1,6,3,1
涪陵区,涪陵区江北街道办事处,经济发展职位2,1,4,1,0
涪陵区,涪陵区龙桥街道办事处,财务管理职位,1,12,5,1
涪陵区,涪陵区蔺市街道办事处,综合管理职位,1,1,0,0
涪陵区,涪陵区纪委监委,信息建设职位1,1,7,0,0
涪陵区,涪陵区纪委监委,信息建设职位2,1,1,0,0
涪陵区,涪陵区纪委监委,纪检监察职位1,2,1,0,0
涪陵区,涪陵区纪委监委,纪检监察职位2,2,0,0,0
涪陵区,涪陵区纪委监委,纪检监察职位3,1,0,0,0
涪陵区,涪陵区纪委监委,纪检监察职位4,1,1,0,0
涪陵区,涪陵区人大常委会办公室,综合管理职位1,1,8,2,1
涪陵区,涪陵区人大常委会办公室,综合管理职位2,1,7,2,1
涪陵区,涪陵区政协办公室,综合管理职位,1,15,5,5
涪陵区,涪陵区委统战部,综合管理职位,1,4,0,0
涪陵区,涪陵区教委,信息建设职位,1,1,0,0
涪陵区,涪陵区教委,教育管理职位,1,62,13,7
涪陵区,涪陵区科学技术局,综合管理职位1,1,18,4,1
涪陵区,涪陵区科学技术局,综合管理职位2,1,9,2,1
涪陵区,涪陵区经济信息委,低碳发展职位,1,9,3,3
涪陵区,涪陵区经济信息委,智能产业职位,1,2,0,0
涪陵区,涪陵区司法局,信息建设职位,1,10,2,1
涪陵区,涪陵区司法局,司法行政职位1,1,5,0,0
涪陵区,涪陵区司法局,司法行政职位2,1,1,1,1
涪陵区,涪陵区司法局,行政复议职位1,2,6,1,1
涪陵区,涪陵区司法局,行政复议职位2,2,8,2,0
涪陵区,涪陵区城市管理局,综合管理职位,1,6,0,0
涪陵区,涪陵区农业农村委,信息建设职位,1,1,0,0
涪陵区,涪陵区农业农村委,综合管理职位,1,12,4,3
涪陵区,涪陵区文化旅游委,综合管理职位,1,20,3,2
涪陵区,涪陵区卫生健康委,医政管理职位1,1,17,2,1
涪陵区,涪陵区卫生健康委,医政管理职位2,1,20,2,0
涪陵区,涪陵区林业局,综合管理职位,1,5,2,0
涪陵区,涪陵区信访办,综合管理职位,1,7,3,1
涪陵区,涪陵区大数据发展局,综合管理职位,1,5,1,0
涪陵区,白涛工业园区（白涛新材料科技城）管委会,综合管理职位,1,13,6,1
涪陵区,民革涪陵区委会,综合管理职位,1,6,0,0
涪陵区,涪陵区政务服务管理事务中心（参照）,综合管理职位1,1,6,3,1
涪陵区,涪陵区政务服务管理事务中心（参照）,综合管理职位2,1,4,1,0
涪陵区,涪陵区法律援助中心（参照）,法律援助职位,1,3,0,0
涪陵区,涪陵区预算绩效和国库支付管理中心（参照）,预算支付职位1,1,10,3,1
涪陵区,涪陵区预算绩效和国库支付管理中心（参照）,预算支付职位2,1,9,4,1
涪陵区,涪陵区劳动人事争议仲裁院（参照）,信息建设职位1,1,1,0,0
涪陵区,涪陵区劳动人事争议仲裁院（参照）,信息建设职位2,1,1,0,0
涪陵区,涪陵区劳动人事争议仲裁院（参照）,综合管理职位1,2,9,1,0
涪陵区,涪陵区劳动人事争议仲裁院（参照）,综合管理职位2,2,10,3,0
涪陵区,涪陵区劳动人事争议仲裁院（参照）,综合管理职位3,1,1,1,1
涪陵区,涪陵区劳动人事争议仲裁院（参照）,综合管理职位4,1,0,0,0
涪陵区,涪陵区社保事务中心（参照）,财务管理职位1,1,6,1,1
涪陵区,涪陵区社保事务中心（参照）,财务管理职位2,1,4,1,0
涪陵区,涪陵区就业和人才中心（参照）,信息建设职位,1,2,1,1
涪陵区,涪陵区就业和人才中心（参照）,就业服务职位,1,2,1,0
涪陵区,涪陵区小城镇建设管理处（参照）,信息建设职位,1,7,2,0
涪陵区,涪陵区小城镇建设管理处（参照）,财务管理职位,1,10,5,2
涪陵区,涪陵区农村合作经济经营管理站（参照）,信息建设职位,1,0,0,0
涪陵区,涪陵区农村合作经济经营管理站（参照）,农经管理职位1,1,1,1,1
涪陵区,涪陵区农村合作经济经营管理站（参照）,农经管理职位2,1,0,0,0
涪陵区,涪陵区红十字会办公室（参照）,综合管理职位,1,13,8,2
涪陵区,涪陵区林业有害生物监测防治中心（参照）,林业防治职位,1,0,0,0
涪陵区,涪陵区科协（参照）,信息建设职位,1,4,3,1
涪陵区,涪陵区社科联（参照）,综合管理职位,1,5,3,1
涪陵区,涪陵区社科联（参照）,社科研究职位,1,25,11,6
涪陵区,涪陵区供销合作社（参照）,信息建设职位,1,1,0,0
涪陵区,涪陵区供销合作社（参照）,综合管理职位,1,4,3,1
涪陵区,涪陵区供销合作社（参照）,产业发展职位1,1,8,3,2
涪陵区,涪陵区供销合作社（参照）,产业发展职位2,1,19,14,4
涪陵区,涪陵区生态环境保护综合行政执法支队（参照）,生态环境执法职位1,2,26,9,2
涪陵区,涪陵区生态环境保护综合行政执法支队（参照）,生态环境执法职位2,2,24,7,1
涪陵区,涪陵区城市管理综合行政执法支队（参照）,信息建设职位,1,4,2,2
涪陵区,涪陵区城市管理综合行政执法支队（参照）,城市管理执法职位1,1,4,2,0
涪陵区,涪陵区城市管理综合行政执法支队（参照）,城市管理执法职位2,1,2,2,0
涪陵区,涪陵区城市管理综合行政执法支队（参照）,城市管理执法职位3,1,2,1,1
涪陵区,涪陵区城市管理综合行政执法支队（参照）,城市管理执法职位4,1,0,0,0
涪陵区,涪陵区城市管理综合行政执法支队（参照）,城市管理执法职位5,1,33,17,5
涪陵区,涪陵区农业综合行政执法支队（参照）,农业综合执法职位1,1,4,4,2
涪陵区,涪陵区农业综合行政执法支队（参照）,农业综合执法职位2,1,2,0,0
涪陵区,涪陵区农业综合行政执法支队（参照）,农业综合执法职位3,1,3,1,0
涪陵区,涪陵区农业综合行政执法支队（参照）,农业综合执法职位4,1,2,0,0
涪陵区,涪陵区农业综合行政执法支队（参照）,农业综合执法职位5,1,1,1,0
涪陵区,涪陵区文化市场综合行政执法支队（参照）,文化市场执法职位1,1,5,3,3
涪陵区,涪陵区文化市场综合行政执法支队（参照）,文化市场执法职位2,1,4,1,0
涪陵区,涪陵区应急管理综合行政执法支队（参照）,信息建设职位,1,2,0,0
涪陵区,涪陵区应急管理综合行政执法支队（参照）,法制审核职位,1,0,0,0
涪陵区,涪陵区应急管理综合行政执法支队（参照）,应急救援职位,1,8,2,0
涪陵区,涪陵区应急管理综合行政执法支队（参照）,安全监管职位,1,5,3,0
涪陵区,涪陵区公安局,基层执法勤务职位1,6,25,12,7
涪陵区,涪陵区公安局,基层执法勤务职位2,3,16,6,3
涪陵区,涪陵区公安局,基层执法勤务职位3,2,5,2,0
涪陵区,涪陵区公安局,基层执法勤务职位4,3,6,2,2
涪陵区,涪陵区公安局,基层执法勤务职位5,2,14,9,5
涪陵区,涪陵区公安局,基层执法勤务职位6,1,11,2,2
涪陵区,涪陵区公安局,基层警务技术职位（法医）,2,6,2,1
渝中区,渝中区人民政府解放碑街道办事处,信息技术职位,1,15,7,3
渝中区,渝中区人民政府七星岗街道办事处,项目管理职位,1,70,37,17
渝中区,渝中区人民政府南纪门街道办事处,综合管理职位1,1,6,2,1
渝中区,渝中区人民政府南纪门街道办事处,综合管理职位2,1,4,1,1
渝中区,渝中区人民政府菜园坝街道办事处,综合管理职位,1,53,41,9
渝中区,渝中区人民政府大溪沟街道办事处,应急管理职位,1,15,9,4
渝中区,渝中区人民政府石油路街道办事处,民政服务职位,1,81,36,18
渝中区,渝中区政府办公室,综合管理职位,1,124,42,19
渝中区,渝中区教育委员会,综合管理职位,1,112,31,14
渝中区,渝中区司法局,行政执法监督职位,1,8,4,1
渝中区,渝中区住房和城市建设委员会,工程管理职位1,1,23,3,0
渝中区,渝中区住房和城市建设委员会,工程管理职位2,1,11,4,2
渝中区,渝中区城市管理局,城市照明管理职位,1,58,16,4
渝中区,渝中区城市管理局,财务管理职位,1,47,20,10
渝中区,渝中区交通运输委员会,现代物流职位,1,23,8,2
渝中区,渝中区文化和旅游发展委员会,产业统计职位1,1,13,7,4
渝中区,渝中区文化和旅游发展委员会,产业统计职位2,1,29,18,6
渝中区,重庆解放碑中央商务区管理委员会,经济建设职位,1,31,12,5
渝中区,渝中区档案馆（参照）,档案信息技术职位,1,25,12,2
渝中区,渝中区社会保险事务中心（参照）,基金财务职位,1,19,14,7
渝中区,渝中区社会保险事务中心（参照）,工伤待遇审核职位,1,48,36,10
渝中区,渝中区社会保险事务中心（参照）,稽核风控职位,1,18,10,3
渝中区,渝中区社会保险事务中心（参照）,信息技术职位,1,36,28,6
渝中区,渝中区社会保险事务中心（参照）,社保服务职位,1,33,27,9
渝中区,渝中区就业和人才中心（参照）,创业服务职位1,1,16,15,4
渝中区,渝中区就业和人才中心（参照）,创业服务职位2,1,39,34,9
渝中区,渝中区劳动人事争议仲裁院（参照）,劳动仲裁职位,1,7,4,1
渝中区,渝中区交通运输管理所（参照）,交通运输职位,1,9,6,1
渝中区,渝中区军队离休退休干部服务管理中心（参照）,综合管理职位,1,81,67,13
渝中区,渝中区社会经济调查队（参照）,统计调查职位,1,9,4,2
渝中区,渝中区医疗保障事务中心（参照）,信息技术职位,1,40,32,9
渝中区,渝中区生态环境保护综合行政执法支队（参照）,生态环境执法职位,1,28,26,4
渝中区,渝中区城市管理综合行政执法支队（参照）,财务管理职位,1,6,6,1
渝中区,渝中区城市管理综合行政执法支队（参照）,综合行政执法职位1,1,4,1,0
渝中区,渝中区城市管理综合行政执法支队（参照）,综合行政执法职位2,1,1,1,0
渝中区,渝中区城市管理综合行政执法支队（参照）,综合行政执法职位3,1,5,2,1
渝中区,渝中区城市管理综合行政执法支队（参照）,综合行政执法职位4,1,6,3,0
渝中区,渝中区城市管理综合行政执法支队（参照）,综合行政执法职位5,1,1,0,0
渝中区,渝中区城市管理综合行政执法支队（参照）,综合行政执法职位6,1,7,5,0
渝中区,渝中区城市管理综合行政执法支队（参照）,综合行政执法职位7,1,6,5,2
渝中区,渝中区城市管理综合行政执法支队（参照）,综合行政执法职位8,1,6,5,3
渝中区,渝中区城市管理综合行政执法支队（参照）,综合行政执法职位9,1,6,3,2
渝中区,渝中区城市管理综合行政执法支队（参照）,综合行政执法职位10,1,13,12,4
渝中区,渝中区城市管理综合行政执法支队（参照）,综合行政执法职位11,1,12,8,2
渝中区,渝中区城市管理综合行政执法支队（参照）,综合行政执法职位12,1,5,3,2
渝中区,渝中区城市管理综合行政执法支队（参照）,综合行政执法职位13,1,3,2,2
渝中区,渝中区城市管理综合行政执法支队（参照）,综合行政执法职位14,1,10,5,1
渝中区,渝中区城市管理综合行政执法支队（参照）,综合行政执法职位15,1,10,8,1
渝中区,渝中区城市管理综合行政执法支队（参照）,综合行政执法职位16,1,3,1,1
渝中区,渝中区文化市场综合行政执法支队（参照）,综合行政执法职位1,1,9,4,1
渝中区,渝中区文化市场综合行政执法支队（参照）,综合行政执法职位2,1,4,3,1
渝中区,渝中区应急管理综合行政执法支队（参照）,综合行政执法职位,1,4,3,2
大渡口区,大渡口区台胞台属联谊会（参照）,综合管理,1,4,1,0
大渡口区,大渡口区老干部活动中心（参照）,综合管理,1,9,4,2
大渡口区,大渡口区民政局婚姻登记处（参照）,综合管理,1,9,3,1
大渡口区,大渡口区财政国库支付中心（参照）,综合管理1,1,5,3,1
大渡口区,大渡口区财政国库支付中心（参照）,综合管理2,1,7,1,0
大渡口区,大渡口区财政国库支付中心（参照）,综合管理3,1,4,0,0
大渡口区,大渡口区社保中心（参照）,综合管理,1,2,0,0
大渡口区,大渡口区国资管理中心（参照）,综合管理,1,11,1,0
大渡口区,大渡口区城市管理综合行政执法支队（参照）,行政执法1,4,54,17,4
大渡口区,大渡口区城市管理综合行政执法支队（参照）,行政执法2,4,13,3,1
大渡口区,大渡口区文化市场综合行政执法支队（参照）,行政执法,1,23,2,1
大渡口区,大渡口区应急管理综合行政执法支队（参照）,应急管理执法,1,2,0,0
沙坪坝区,沙坪坝区乡镇机关,综合管理1,1,5,1,0
沙坪坝区,沙坪坝区乡镇机关,综合管理2,1,4,1,1
沙坪坝区,沙坪坝区乡镇机关,综合管理3,2,9,4,1
沙坪坝区,沙坪坝区乡镇机关,综合管理4,1,4,2,1
沙坪坝区,沙坪坝区覃家岗街道办事处,党务机要,1,16,8,4
沙坪坝区,沙坪坝区新桥街道办事处,综合管理1,1,16,6,0
沙坪坝区,沙坪坝区新桥街道办事处,综合管理2,1,5,3,1
沙坪坝区,沙坪坝区歌乐山街道办事处,平安应急,1,65,55,9
沙坪坝区,沙坪坝区井口街道办事处,综合管理,1,22,16,7
沙坪坝区,沙坪坝区纪委监委,纪检监察1,1,8,4,1
沙坪坝区,沙坪坝区纪委监委,纪检监察2,1,4,4,4
沙坪坝区,沙坪坝区纪委监委,纪检监察3,1,3,1,0
沙坪坝区,沙坪坝区委政法委,综合管理,1,7,5,3
沙坪坝区,沙坪坝区委网信办,综合管理,1,9,2,1
沙坪坝区,沙坪坝区发展改革委,综合管理,1,37,14,7
沙坪坝区,沙坪坝区经济信息委,综合管理1,1,36,10,4
沙坪坝区,沙坪坝区经济信息委,综合管理2,1,13,5,2
沙坪坝区,沙坪坝区司法局,司法助理员1,2,9,3,1
沙坪坝区,沙坪坝区司法局,司法助理员2,2,13,6,3
沙坪坝区,沙坪坝区司法局,司法助理员3,1,3,1,1
沙坪坝区,沙坪坝区财政局,综合管理1,1,54,29,9
沙坪坝区,沙坪坝区财政局,综合管理2,1,12,3,2
沙坪坝区,沙坪坝区财政局,综合管理3,1,17,7,0
沙坪坝区,沙坪坝区人力资源和社会保障局,综合管理,1,85,59,9
沙坪坝区,沙坪坝区生态环境局,综合管理,1,51,23,2
沙坪坝区,沙坪坝区住房和城乡建设委员会,财务管理,1,10,5,3
沙坪坝区,沙坪坝区住房和城乡建设委员会,综合管理1,1,13,4,2
沙坪坝区,沙坪坝区住房和城乡建设委员会,综合管理2,1,6,2,0
沙坪坝区,沙坪坝区商务委员会,综合管理1,1,3,1,0
沙坪坝区,沙坪坝区商务委员会,综合管理2,1,11,3,0
沙坪坝区,沙坪坝区文化旅游委,综合管理,1,19,6,2
沙坪坝区,沙坪坝区卫生健康委,综合管理1,1,41,7,0
沙坪坝区,沙坪坝区卫生健康委,综合管理2,1,89,29,14
沙坪坝区,沙坪坝区大数据应用发展管理局,综合管理,1,37,17,2
沙坪坝区,科学城沙坪坝片区管委会,综合管理,1,6,5,2
沙坪坝区,沙坪坝区委党校（参照）,综合管理,1,26,14,7
沙坪坝区,共青团沙坪坝区委员会（参照）,综合管理,1,12,2,1
沙坪坝区,沙坪坝区殡葬管理所（参照）,综合管理,1,11,5,1
沙坪坝区,沙坪坝区救助管理站（参照）,综合管理,1,10,5,0
沙坪坝区,沙坪坝区民政局婚姻登记处（参照）,综合管理,1,14,3,1
沙坪坝区,沙坪坝区法律援助中心（参照）,综合管理,1,7,4,1
沙坪坝区,沙坪坝区国库支付中心（参照）,综合管理,1,23,11,4
沙坪坝区,沙坪坝区社会保险事务中心（参照）,财务管理1,1,9,4,1
沙坪坝区,沙坪坝区社会保险事务中心（参照）,财务管理2,1,23,11,5
沙坪坝区,沙坪坝区就业和人才中心（参照）,综合管理,1,62,34,8
沙坪坝区,沙坪坝区劳动人事争议仲裁院（参照）,综合管理,1,2,2,2
沙坪坝区,沙坪坝区生态环境保护综合行政执法支队（参照）,行政执法1,1,24,12,1
沙坪坝区,沙坪坝区生态环境保护综合行政执法支队（参照）,行政执法2,1,49,28,8
沙坪坝区,沙坪坝区城市管理综合行政执法支队（参照）,行政执法1,3,13,8,2
沙坪坝区,沙坪坝区城市管理综合行政执法支队（参照）,行政执法2,2,11,3,2
沙坪坝区,沙坪坝区城市管理综合行政执法支队（参照）,行政执法3,1,10,2,0
沙坪坝区,沙坪坝区城市管理综合行政执法支队（参照）,行政执法4,1,9,3,0
沙坪坝区,沙坪坝区城市管理综合行政执法支队（参照）,行政执法5,1,14,8,2
沙坪坝区,沙坪坝区城市管理综合行政执法支队（参照）,行政执法6,1,4,1,0
沙坪坝区,沙坪坝区农业综合行政执法支队（参照）,行政执法,1,11,5,0
沙坪坝区,沙坪坝区农村经营管理站（参照）,综合管理,1,1,0,0
沙坪坝区,沙坪坝区军队离休退休干部服务管理中心（参照）,综合管理,1,21,7,2
沙坪坝区,沙坪坝区医疗保障事务中心（参照）,综合管理,1,26,13,2
九龙坡区,九龙坡区军粮供应站（参照）,综合管理1,1,26,22,1
九龙坡区,九龙坡区军粮供应站（参照）,综合管理2,1,18,0,0
九龙坡区,九龙坡区劳动人事争议仲裁院（参照）,文秘职位,1,15,3,2
九龙坡区,九龙坡区社会保险事务中心（参照）,社保经办1,1,16,13,0
九龙坡区,九龙坡区社会保险事务中心（参照）,社保经办2,1,12,3,0
九龙坡区,九龙坡区社会经济调查队（参照）,综合管理1,1,14,1,1
九龙坡区,九龙坡区社会经济调查队（参照）,综合管理2,1,11,1,0
九龙坡区,九龙坡区退役军人服务中心（参照）,综合管理,1,14,0,0
九龙坡区,九龙坡区军队离休退休干部服务管理中心（参照）,综合管理,1,41,3,2
九龙坡区,九龙坡区文化市场综合行政执法支队（参照）,综合管理,1,17,1,1
九龙坡区,九龙坡区城市管理综合行政执法支队（参照）,行政执法1,1,8,0,0
九龙坡区,九龙坡区城市管理综合行政执法支队（参照）,行政执法2,1,2,0,0
九龙坡区,九龙坡区城市管理综合行政执法支队（参照）,行政执法3,1,15,0,0
九龙坡区,九龙坡区城市管理综合行政执法支队（参照）,行政执法4,1,31,0,0
九龙坡区,九龙坡区城市管理综合行政执法支队（参照）,行政执法5,1,11,2,1
九龙坡区,九龙坡区城市管理综合行政执法支队（参照）,行政执法6,1,11,1,1
九龙坡区,九龙坡区城市管理综合行政执法支队（参照）,行政执法7,1,17,0,0
九龙坡区,九龙坡区城市管理综合行政执法支队（参照）,行政执法8,1,8,0,0
九龙坡区,九龙坡区城市管理综合行政执法支队（参照）,行政执法9,1,18,0,0
九龙坡区,九龙坡区城市管理综合行政执法支队（参照）,行政执法10,1,9,0,0
九龙坡区,九龙坡区城市管理综合行政执法支队（参照）,行政执法11,1,16,1,0
九龙坡区,九龙坡区城市管理综合行政执法支队（参照）,行政执法12,1,24,0,0
九龙坡区,九龙坡区城市管理综合行政执法支队（参照）,行政执法13,1,1,1,0
九龙坡区,九龙坡区城市管理综合行政执法支队（参照）,行政执法14,1,14,4,2
九龙坡区,九龙坡区城市管理综合行政执法支队（参照）,行政执法15,1,13,0,0
南岸区,南岸区鸡冠石镇人民政府,综合管理,1,13,2,2
南岸区,南岸区迎龙镇人民政府,财务会计,1,21,2,1
南岸区,南岸区迎龙镇人民政府,综合管理,1,14,3,3
南岸区,南岸区广阳镇人民政府,综合管理1,1,13,3,2
南岸区,南岸区广阳镇人民政府,综合管理2,1,17,2,1
南岸区,南岸区南山街道办事处,综合管理1,1,10,2,1
南岸区,南岸区南山街道办事处,综合管理2,1,16,4,2
南岸区,南岸区龙门浩街道办事处,综合管理,1,46,8,3
南岸区,南岸区天文街道办事处,综合管理,1,21,4,3
南岸区,南岸区监委派出监察室,纪检监察1,2,8,4,1
南岸区,南岸区监委派出监察室,纪检监察2,1,3,1,0
南岸区,共青团南岸区委员会,综合管理,1,82,15,7
南岸区,南岸区发展改革委,综合管理,1,18,4,2
南岸区,南岸区财政局,综合管理1,1,5,1,0
南岸区,南岸区财政局,综合管理2,1,11,1,0
南岸区,南岸区财政局,综合管理3,1,18,1,0
南岸区,南岸区司法局,司法助理员1,1,3,0,0
南岸区,南岸区司法局,司法助理员2,1,6,0,0
南岸区,南岸区信访办,综合管理,1,24,12,4
南岸区,南岸区老干部活动中心（参照）,会计,1,5,2,1
南岸区,南岸区民政局婚姻登记处（参照）,综合管理,1,44,6,1
南岸区,南岸区就业和人才中心（参照）,综合管理,1,1,0,0
南岸区,南岸区劳动人事争议仲裁院（参照）,综合管理1,1,0,0,0
南岸区,南岸区劳动人事争议仲裁院（参照）,综合管理2,1,6,3,1
南岸区,南岸区供销社（参照）,综合管理,1,23,14,5
南岸区,南岸区道路运输事务中心（参照）,综合管理,1,2,0,0
南岸区,南岸区医疗保障事务中心（参照）,综合管理1,1,16,2,1
南岸区,南岸区医疗保障事务中心（参照）,综合管理2,1,30,7,3
南岸区,南岸区城市管理综合行政执法支队（参照）,行政执法1,2,7,0,0
南岸区,南岸区城市管理综合行政执法支队（参照）,行政执法2,2,9,4,2
南岸区,南岸区城市管理综合行政执法支队（参照）,行政执法3,1,0,0,0
南岸区,南岸区城市管理综合行政执法支队（参照）,行政执法4,1,0,0,0
南岸区,南岸区城市管理综合行政执法支队（参照）,行政执法5,2,15,1,1
南岸区,南岸区城市管理综合行政执法支队（参照）,行政执法6,1,1,1,1
南岸区,南岸区城市管理综合行政执法支队（参照）,行政执法7,1,4,0,0
南岸区,南岸区生态环境保护综合行政执法支队（参照）,行政执法1,1,34,10,3
南岸区,南岸区生态环境保护综合行政执法支队（参照）,行政执法2,1,17,5,1
北碚区,北碚区澄江镇人民政府,社会工作,1,7,1,1
北碚区,北碚区大湾镇人民政府,数字建设,1,4,1,1
北碚区,北碚区大湾镇人民政府,工程管理,1,9,0,0
北碚区,北碚区统景镇人民政府,综合管理,1,6,2,1
北碚区,北碚区大盛镇人民政府,综合管理1,1,5,1,1
北碚区,北碚区大盛镇人民政府,综合管理2,1,5,1,1
北碚区,北碚区茨竹镇人民政府,经济发展,1,3,0,0
北碚区,北碚区三圣镇人民政府,村镇建设,1,12,5,4
北碚区,北碚区三圣镇人民政府,数字建设,1,12,5,2
北碚区,北碚区金刀峡镇人民政府,数字建设,1,7,2,2
北碚区,北碚区人民政府北温泉街道办事处,综合管理,1,2,1,1
北碚区,北碚区人民政府龙凤桥街道办事处,规划建设管理,1,29,14,2
北碚区,北碚区人民政府东阳街道办事处,经济发展,1,7,0,0
北碚区,北碚区人民政府歇马街道办事处,城镇建设,1,28,9,2
北碚区,北碚区人民政府歇马街道办事处,数字建设,1,5,0,0
北碚区,北碚区委宣传部,新闻宣传,1,20,17,7
北碚区,北碚区委网络安全和信息化委员会办公室,综合管理,1,16,9,2
北碚区,北碚区委社会工作部,综合管理,1,9,6,0
北碚区,北碚区发展和改革委员会,综合管理,1,16,11,1
北碚区,北碚区经济和信息化委员会,产业发展,1,23,9,3
北碚区,北碚区司法局,基层司法助理员1,1,4,2,0
北碚区,北碚区司法局,基层司法助理员2,1,12,9,3
北碚区,北碚区商务委员会,综合管理,1,44,24,7
北碚区,北碚区卫生健康委员会,医疗管理,1,40,20,7
北碚区,北碚区林业局,森林资源管理1,1,10,6,1
北碚区,北碚区林业局,森林资源管理2,1,12,8,4
北碚区,北碚区委党校（参照）,数字建设,1,11,7,1
北碚区,北碚区档案馆（参照）,数字建设,1,13,8,3
北碚区,北碚区社会保险事务中心（参照）,法制管理,1,4,2,1
北碚区,北碚区道路运输事务中心（参照）,综合管理,1,18,14,7
北碚区,北碚区道路运输事务中心（参照）,数字建设,1,14,8,2
北碚区,北碚区水旱灾害防御中心（参照）,水旱灾害防御,1,18,9,2
北碚区,北碚区社会经济调查队（参照）,数字建设,1,7,3,0
北碚区,北碚区医疗保障事务中心（参照）,医保待遇管理,1,10,3,2
北碚区,北碚区供销合作社联合社（参照）,综合管理,1,55,32,9
北碚区,北碚区总工会（参照）,综合管理,1,9,4,1
北碚区,北碚区城市管理综合行政执法支队（参照）,数字建设1,1,4,2,1
北碚区,北碚区城市管理综合行政执法支队（参照）,数字建设2,1,6,5,1
北碚区,北碚区城市管理综合行政执法支队（参照）,城管执法1,1,3,1,0
北碚区,北碚区城市管理综合行政执法支队（参照）,城管执法2,1,2,0,0
北碚区,北碚区城市管理综合行政执法支队（参照）,财务管理1,1,2,1,0
北碚区,北碚区城市管理综合行政执法支队（参照）,财务管理2,1,8,4,1
北碚区,北碚区城市管理综合行政执法支队（参照）,综合管理1,1,3,1,0
北碚区,北碚区城市管理综合行政执法支队（参照）,综合管理2,1,1,0,0
北碚区,北碚区农业综合行政执法支队（参照）,农业工程,1,6,5,5
巴南区,巴南区乡镇机关,综合管理1,2,26,3,2
巴南区,巴南区乡镇机关,综合管理2,1,20,0,0
巴南区,巴南区乡镇机关,综合管理3,1,16,1,0
巴南区,巴南区乡镇机关,综合管理4,1,34,2,0
巴南区,巴南区乡镇机关,综合管理5,1,0,0,0
巴南区,巴南区乡镇机关,综合管理6,1,8,0,0
巴南区,巴南区界石镇人民政府,综合管理1,1,12,3,0
巴南区,巴南区界石镇人民政府,综合管理2,1,8,0,0
巴南区,巴南区接龙镇人民政府,宣传文秘1,1,8,2,2
巴南区,巴南区接龙镇人民政府,宣传文秘2,1,11,2,1
巴南区,巴南区接龙镇人民政府,财务管理1,1,4,0,0
巴南区,巴南区接龙镇人民政府,财务管理2,1,4,1,0
巴南区,巴南区东温泉镇人民政府,综合管理1,1,7,0,0
巴南区,巴南区东温泉镇人民政府,综合管理2,1,2,0,0
巴南区,巴南区安澜镇人民政府,综合管理1,1,5,3,0
巴南区,巴南区安澜镇人民政府,综合管理2,1,23,3,0
巴南区,巴南区丰盛镇人民政府,综合管理,1,2,0,0
巴南区,巴南区二圣镇人民政府,财务管理1,1,7,0,0
巴南区,巴南区二圣镇人民政府,财务管理2,1,8,0,0
巴南区,巴南区双河口镇人民政府,综合管理1,1,6,0,0
巴南区,巴南区双河口镇人民政府,综合管理2,1,7,0,0
巴南区,巴南区街道办事处,党建宣传1,1,5,0,0
巴南区,巴南区街道办事处,党建宣传2,1,2,0,0
巴南区,巴南区街道办事处,综合管理1,1,5,0,0
巴南区,巴南区街道办事处,综合管理2,1,4,0,0
巴南区,巴南区鱼洞街道办事处,综合管理1,1,6,1,0
巴南区,巴南区鱼洞街道办事处,综合管理2,1,6,1,0
巴南区,巴南区花溪街道办事处,综合管理1,1,2,0,0
巴南区,巴南区花溪街道办事处,综合管理2,1,1,0,0
巴南区,巴南区南泉街道办事处,综合管理1,1,16,2,0
巴南区,巴南区南泉街道办事处,综合管理2,1,21,4,1
巴南区,巴南区惠民街道办事处,党务管理1,1,5,3,2
巴南区,巴南区惠民街道办事处,党务管理2,1,11,6,0
巴南区,巴南区纪委监委,纪检监察1,1,4,0,0
巴南区,巴南区纪委监委,纪检监察2,1,9,2,0
巴南区,巴南区民政局,法治建设,1,13,0,0
巴南区,巴南区司法局,司法助理1,1,2,0,0
巴南区,巴南区司法局,司法助理2,1,4,0,0
巴南区,巴南区司法局,司法助理3,1,2,0,0
巴南区,巴南区司法局,司法助理4,1,0,0,0
巴南区,巴南区司法局,司法助理5,1,3,0,0
巴南区,巴南区商务委员会,商贸发展,1,8,1,0
巴南区,巴南区文化和旅游发展委员会,数字文旅,1,22,0,0
巴南区,巴南区大数据应用发展管理局,大数据管理1,1,9,3,1
巴南区,巴南区大数据应用发展管理局,大数据管理2,1,5,0,0
巴南区,巴南区机关事务中心（参照）,综合管理,1,0,0,0
巴南区,巴南区行政服务和公共资源交易中心（参照）,综合管理,1,6,0,0
巴南区,巴南区最低生活保障管理中心（参照）,低保管理,1,8,0,0
巴南区,巴南区预算绩效和国库支付事务中心（参照）,财政管理1,1,4,0,0
巴南区,巴南区预算绩效和国库支付事务中心（参照）,财政管理2,1,15,1,0
巴南区,巴南区预算绩效和国库支付事务中心（参照）,财政管理3,1,5,0,0
巴南区,巴南区预算绩效和国库支付事务中心（参照）,财政管理4,1,1,0,0
巴南区,巴南区社会保险事务中心（参照）,综合管理1,1,12,1,0
巴南区,巴南区社会保险事务中心（参照）,综合管理2,1,8,0,0
巴南区,巴南区就业和人才中心（参照）,信息管理1,1,19,1,0
巴南区,巴南区就业和人才中心（参照）,信息管理2,1,15,2,0
巴南区,巴南区道路运输管理所（参照）,智慧运输1,1,12,0,0
巴南区,巴南区道路运输管理所（参照）,智慧运输2,1,13,0,0
巴南区,巴南区水利工程管理站（参照）,工程管理1,1,20,0,0
巴南区,巴南区水利工程管理站（参照）,工程管理2,1,6,0,0
巴南区,巴南区水利工程管理站（参照）,工程管理3,1,7,0,0
巴南区,巴南区农村经营管理站（参照）,农业经济管理1,1,5,2,0
巴南区,巴南区农村经营管理站（参照）,农业经济管理2,1,10,1,0
巴南区,巴南区医疗保障事务中心（参照）,财务管理,1,11,0,0
巴南区,巴南区招商服务中心（参照）,招商引资1,1,5,0,0
巴南区,巴南区招商服务中心（参照）,招商引资2,1,2,0,0
巴南区,巴南区生态环境保护综合行政执法支队（参照）,生态环境执法1,1,2,0,0
巴南区,巴南区生态环境保护综合行政执法支队（参照）,生态环境执法2,1,2,1,0
巴南区,巴南区城市管理综合行政执法支队（参照）,城管执法1,1,5,0,0
巴南区,巴南区城市管理综合行政执法支队（参照）,城管执法2,1,4,0,0
巴南区,巴南区城市管理综合行政执法支队（参照）,城管执法3,1,3,0,0
巴南区,巴南区城市管理综合行政执法支队（参照）,城管执法4,1,1,0,0
巴南区,巴南区城市管理综合行政执法支队（参照）,城管执法5,1,12,1,1
巴南区,巴南区城市管理综合行政执法支队（参照）,城管执法6,1,6,1,1
巴南区,巴南区城市管理综合行政执法支队（参照）,城管执法7,1,1,0,0
巴南区,巴南区城市管理综合行政执法支队（参照）,城管执法8,1,1,0,0
巴南区,巴南区农业综合行政执法支队（参照）,农业执法1,1,20,0,0
巴南区,巴南区农业综合行政执法支队（参照）,农业执法2,1,29,0,0
巴南区,巴南区农业综合行政执法支队（参照）,农业执法3,1,1,0,0
巴南区,巴南区农业综合行政执法支队（参照）,农业执法4,1,3,0,0
巴南区,巴南区文化市场综合行政执法支队（参照）,文化执法1,1,12,0,0
巴南区,巴南区文化市场综合行政执法支队（参照）,文化执法2,1,36,2,0
巴南区,巴南区应急管理综合行政执法支队（参照）,应急执法1,1,11,1,0
巴南区,巴南区应急管理综合行政执法支队（参照）,应急执法2,1,6,1,0
长寿区,长寿区长寿湖镇人民政府,综合管理1,1,6,2,0
长寿区,长寿区长寿湖镇人民政府,综合管理2,1,3,3,1
长寿区,长寿区长寿湖镇人民政府,综合管理3,1,4,1,0
长寿区,长寿区长寿湖镇人民政府,综合管理4,1,3,2,1
长寿区,长寿区葛兰镇人民政府,规划建设1,1,2,0,0
长寿区,长寿区葛兰镇人民政府,规划建设2,1,5,1,1
长寿区,长寿区葛兰镇人民政府,规划建设3,1,5,3,0
长寿区,长寿区葛兰镇人民政府,综合管理1,1,7,5,0
长寿区,长寿区葛兰镇人民政府,综合管理2,1,5,1,0
长寿区,长寿区邻封镇人民政府,综合管理1,1,2,1,0
长寿区,长寿区邻封镇人民政府,综合管理2,1,2,1,0
长寿区,长寿区邻封镇人民政府,综合管理3,1,0,0,0
长寿区,长寿区云集镇人民政府,建设管理,1,3,2,1
长寿区,长寿区云集镇人民政府,综合管理,1,2,1,0
长寿区,长寿区双龙镇人民政府,综合管理,1,8,5,3
长寿区,长寿区龙河镇人民政府,综合管理1,1,8,3,1
长寿区,长寿区龙河镇人民政府,综合管理2,1,6,0,0
长寿区,长寿区海棠镇人民政府,综合管理,1,4,1,0
长寿区,长寿区石堰镇人民政府,村镇建设,1,0,0,0
长寿区,长寿区菩提街道办事处,综合管理1,1,1,0,0
长寿区,长寿区菩提街道办事处,综合管理2,1,0,0,0
长寿区,长寿区凤城街道办事处,综合管理1,1,7,5,0
长寿区,长寿区凤城街道办事处,综合管理2,1,4,3,1
长寿区,长寿区渡舟街道办事处,综合管理,1,12,6,3
长寿区,长寿区新市街道办事处,综合管理,1,6,1,0
长寿区,长寿区八颗街道办事处,综合管理,1,2,2,0
长寿区,长寿区纪委监委,纪检监察1,2,6,3,1
长寿区,长寿区纪委监委,纪检监察2,2,11,3,2
长寿区,长寿区纪委监委,纪检监察3,1,4,2,0
长寿区,长寿区纪委监委,纪检监察4,1,4,3,2
长寿区,长寿区委政法委,综合管理,1,7,3,2
长寿区,长寿区委网络安全和信息化委员会办公室,综合管理,1,5,1,0
长寿区,长寿区教委,综合管理,1,5,3,3
长寿区,长寿区司法局,司法助理员1,1,2,0,0
长寿区,长寿区司法局,司法助理员2,1,3,1,0
长寿区,长寿区司法局,司法助理员3,1,7,5,1
长寿区,长寿区人力社保局,综合管理1,1,2,1,1
长寿区,长寿区人力社保局,综合管理2,1,5,2,1
长寿区,长寿区住房城乡建委,综合管理,1,20,11,6
长寿区,长寿区交通运输委,综合管理,1,15,2,1
长寿区,长寿区机关事务局,综合管理1,1,4,2,0
长寿区,长寿区机关事务局,综合管理2,1,45,22,12
长寿区,长寿区老干部活动中心（参照）,综合管理,1,10,2,1
长寿区,长寿区委党校（参照）,教学管理,1,4,1,1
长寿区,长寿区价格认证中心（参照）,价格认证,1,7,1,0
长寿区,长寿区公共资源交易中心（参照）,项目服务1,1,2,1,0
长寿区,长寿区公共资源交易中心（参照）,项目服务2,1,7,4,3
长寿区,长寿区救助管理站（参照）,综合管理,1,4,3,3
长寿区,长寿区低保管理中心（参照）,综合管理,1,3,1,0
长寿区,长寿区基层财政事务中心（参照）,综合管理1,1,1,0,0
长寿区,长寿区基层财政事务中心（参照）,综合管理2,1,2,0,0
长寿区,长寿区基层财政事务中心（参照）,综合管理3,1,5,3,1
长寿区,长寿区基层财政事务中心（参照）,综合管理4,1,4,3,0
长寿区,长寿区社会保险事务中心（参照）,综合管理,1,5,3,0
长寿区,长寿区就业和人才中心（参照）,综合管理1,1,1,0,0
长寿区,长寿区就业和人才中心（参照）,综合管理2,1,5,2,0
长寿区,长寿区劳动人事争议仲裁院（参照）,劳动仲裁,1,1,1,1
长寿区,长寿区社会经济调查队（参照）,经济调查1,1,6,2,0
长寿区,长寿区社会经济调查队（参照）,经济调查2,1,3,0,0
长寿区,长寿区社会经济调查队（参照）,经济调查3,1,6,2,0
长寿区,长寿区风景名胜区事务中心（参照）,财务管理,1,4,1,1
长寿区,长寿区风景名胜区事务中心（参照）,综合管理,1,3,1,0
长寿区,长寿区妇女联合会（参照）,综合管理1,1,41,15,4
长寿区,长寿区妇女联合会（参照）,综合管理2,1,6,3,2
长寿区,长寿区归侨侨眷联合会（参照）,综合管理,1,3,0,0
长寿区,长寿区科学技术协会（参照）,综合管理,1,0,0,0
长寿区,长寿区文学艺术界联合会（参照）,综合管理1,1,11,3,0
长寿区,长寿区文学艺术界联合会（参照）,综合管理2,1,12,0,0
长寿区,长寿区文学艺术界联合会（参照）,综合管理3,1,8,4,2
长寿区,长寿区社会科学界联合会（参照）,综合管理1,1,1,0,0
长寿区,长寿区社会科学界联合会（参照）,综合管理2,1,4,1,1
长寿区,长寿区社会科学界联合会（参照）,综合管理3,1,0,0,0
长寿区,长寿区社会科学界联合会（参照）,综合管理4,1,2,0,0
长寿区,长寿区法学会（参照）,综合管理1,1,4,0,0
长寿区,长寿区法学会（参照）,综合管理2,1,1,0,0
长寿区,长寿区红十字会（参照）,综合管理,1,0,0,0
长寿区,长寿区计划生育协会（参照）,综合管理,1,6,2,0
长寿区,长寿区生态环境保护综合行政执法支队（参照）,环境执法1,1,3,2,0
长寿区,长寿区生态环境保护综合行政执法支队（参照）,环境执法2,1,6,1,0
长寿区,长寿区城市管理综合行政执法支队（参照）,行政执法1,2,21,12,2
长寿区,长寿区城市管理综合行政执法支队（参照）,行政执法2,2,10,3,1
长寿区,长寿区城市管理综合行政执法支队（参照）,行政执法3,2,18,9,4
长寿区,长寿区城市管理综合行政执法支队（参照）,行政执法4,2,9,6,2
长寿区,长寿区城市管理综合行政执法支队（参照）,行政执法5,2,30,9,1
长寿区,长寿区城市管理综合行政执法支队（参照）,党建工作1,1,4,1,1
长寿区,长寿区城市管理综合行政执法支队（参照）,党建工作2,1,3,0,0
长寿区,长寿区交通运输综合行政执法支队（参照）,综合执法1,1,5,2,1
长寿区,长寿区交通运输综合行政执法支队（参照）,综合执法2,1,3,3,1
长寿区,长寿区交通运输综合行政执法支队（参照）,综合执法3,1,0,0,0
长寿区,长寿区农业综合行政执法支队（参照）,行政执法1,1,3,2,1
长寿区,长寿区农业综合行政执法支队（参照）,行政执法2,1,1,0,0
长寿区,长寿区农业综合行政执法支队（参照）,行政执法3,1,7,4,1
长寿区,长寿区农业综合行政执法支队（参照）,行政执法4,1,3,2,0
长寿区,长寿区农业综合行政执法支队（参照）,行政执法5,1,0,0,0
长寿区,长寿区农业综合行政执法支队（参照）,行政执法6,1,1,1,1
长寿区,长寿区农业综合行政执法支队（参照）,综合管理1,1,1,0,0
长寿区,长寿区农业综合行政执法支队（参照）,综合管理2,1,0,0,0
长寿区,长寿区应急管理综合行政执法支队（参照）,行政执法,2,16,4,1
长寿区,长寿区公安局,基层执法勤务1,4,15,5,3
长寿区,长寿区公安局,基层执法勤务2,3,26,1,1
长寿区,长寿区公安局,基层执法勤务3,2,38,7,2
长寿区,长寿区公安局,基层执法勤务4（交通安全技术）,4,19,2,1
长寿区,长寿区公安局,基层执法勤务5（信息通信）,3,13,3,2
江津区,江津区白沙镇人民政府,综合管理1,1,8,0,0
江津区,江津区白沙镇人民政府,综合管理2,1,9,0,0
江津区,江津区白沙镇人民政府,综合管理3,1,11,0,0
江津区,江津区白沙镇人民政府,综合管理4,1,1,0,0
江津区,江津区白沙镇人民政府,综合管理5,1,3,0,0
江津区,江津区白沙镇人民政府,综合管理6,2,17,0,0
江津区,江津区白沙镇人民政府,综合管理7,1,36,0,0
江津区,江津区白沙镇人民政府,综合管理8,1,11,0,0
江津区,江津区白沙镇人民政府,综合管理9,1,2,0,0
江津区,江津区支坪镇人民政府,综合管理1,1,1,0,0
江津区,江津区支坪镇人民政府,综合管理2,1,9,0,0
江津区,江津区珞璜镇人民政府,综合管理1,1,20,0,0
江津区,江津区珞璜镇人民政府,综合管理2,1,42,0,0
江津区,江津区石蟆镇人民政府,综合管理1,1,3,0,0
江津区,江津区石蟆镇人民政府,综合管理2,1,0,0,0
江津区,江津区石蟆镇人民政府,综合管理3,1,10,0,0
江津区,江津区石蟆镇人民政府,综合管理4,1,8,0,0
江津区,江津区李市镇人民政府,综合管理1,1,19,0,0
江津区,江津区李市镇人民政府,综合管理2,1,5,0,0
江津区,江津区李市镇人民政府,综合管理3,1,5,0,0
江津区,江津区李市镇人民政府,综合管理4,1,6,0,0
江津区,江津区李市镇人民政府,综合管理5,1,16,1,0
江津区,江津区李市镇人民政府,综合管理6,1,14,0,0
江津区,江津区李市镇人民政府,综合管理7,1,2,0,0
江津区,江津区油溪镇人民政府,综合管理1,1,8,0,0
江津区,江津区油溪镇人民政府,综合管理2,1,10,0,0
江津区,江津区油溪镇人民政府,综合管理3,1,7,0,0
江津区,江津区油溪镇人民政府,综合管理4,1,1,0,0
江津区,江津区先锋镇人民政府,综合管理,1,4,0,0
江津区,江津区蔡家镇人民政府,综合管理1,1,6,0,0
江津区,江津区蔡家镇人民政府,综合管理2,1,7,0,0
江津区,江津区蔡家镇人民政府,综合管理3,1,1,0,0
江津区,江津区西湖镇人民政府,综合管理,1,5,0,0
江津区,江津区石门镇人民政府,综合管理1,1,9,0,0
江津区,江津区石门镇人民政府,综合管理2,1,3,0,0
江津区,江津区石门镇人民政府,综合管理3,1,2,0,0
江津区,江津区永兴镇人民政府,综合管理1,1,8,0,0
江津区,江津区永兴镇人民政府,综合管理2,1,11,0,0
江津区,江津区永兴镇人民政府,综合管理3,1,6,0,0
江津区,江津区龙华镇人民政府,综合管理1,1,11,0,0
江津区,江津区龙华镇人民政府,综合管理2,1,8,0,0
江津区,江津区贾嗣镇人民政府,综合管理1,1,8,0,0
江津区,江津区贾嗣镇人民政府,综合管理2,1,6,0,0
江津区,江津区杜市镇人民政府,综合管理,1,3,0,0
江津区,江津区朱杨镇人民政府,综合管理1,1,3,0,0
江津区,江津区朱杨镇人民政府,综合管理2,1,23,0,0
江津区,江津区朱杨镇人民政府,综合管理3,1,1,0,0
江津区,江津区嘉平镇人民政府,综合管理,1,17,0,0
江津区,江津区夏坝镇人民政府,综合管理1,1,6,0,0
江津区,江津区夏坝镇人民政府,综合管理2,1,12,0,0
江津区,江津区四面山镇人民政府,综合管理,1,6,0,0
江津区,江津区鼎山街道办事处,综合管理,1,4,0,0
江津区,江津区德感街道办事处,综合管理1,1,10,0,0
江津区,江津区德感街道办事处,综合管理2,1,5,0,0
江津区,江津区德感街道办事处,综合管理3,1,6,0,0
江津区,江津区德感街道办事处,综合管理4,1,10,0,0
江津区,江津区德感街道办事处,综合管理5,1,4,0,0
江津区,江津区双福街道办事处,综合管理,1,24,0,0
江津区,江津区纪委监委,纪检监察1,1,7,0,0
江津区,江津区纪委监委,纪检监察2,1,4,0,0
江津区,江津区司法局,综合管理1,1,0,0,0
江津区,江津区司法局,综合管理2,1,1,0,0
江津区,江津区委党校（参照）,综合管理,1,12,0,0
江津区,江津区残疾人联合会（参照）,综合管理,1,5,0,0
江津区,江津区工业园区发展中心（参照）,综合管理1,1,16,0,0
江津区,江津区工业园区发展中心（参照）,综合管理2,1,2,0,0
江津区,江津区工业园区发展中心（参照）,综合管理3,1,2,0,0
江津区,江津区工业园区发展中心（参照）,综合管理4,1,6,0,0
江津区,江津区工业园区发展中心（参照）,综合管理5,1,14,0,0
江津区,江津区工业园区发展中心（参照）,综合管理6,1,4,0,0
江津区,江津区工业园区发展中心（参照）,综合管理7,1,8,0,0
江津区,江津区工业园区发展中心（参照）,综合管理8,1,5,0,0
江津区,江津区工业园区发展中心（参照）,综合管理9,1,14,0,0
江津区,江津区工业园区发展中心（参照）,综合管理10,1,7,0,0
江津区,江津区工业园区发展中心（参照）,综合管理11,1,1,0,0
江津区,江津区工业园区发展中心（参照）,综合管理12,1,3,0,0
江津区,江津区工业园区发展中心（参照）,综合管理13,1,9,0,0
江津区,江津区城市居民最低生活保障管理中心（参照）,综合管理1,1,1,0,0
江津区,江津区城市居民最低生活保障管理中心（参照）,综合管理2,1,7,0,0
江津区,江津区民政局婚姻登记处（参照）,综合管理,1,25,0,0
江津区,江津区救助管理站（参照）,综合管理1,1,4,0,0
江津区,江津区救助管理站（参照）,综合管理2,1,9,0,0
江津区,江津区就业和人才中心（参照）,综合管理1,1,6,0,0
江津区,江津区就业和人才中心（参照）,综合管理2,1,4,0,0
江津区,江津区社会保险事务中心（参照）,综合管理,1,8,0,0
江津区,江津区劳动人事争议仲裁院（参照）,综合管理1,1,19,0,0
江津区,江津区劳动人事争议仲裁院（参照）,综合管理2,1,1,0,0
江津区,江津区水旱灾害防御中心（参照）,综合管理,1,3,0,0
江津区,江津区水利工程管理站（参照）,综合管理,1,10,0,0
江津区,江津区供水管理站（参照）,综合管理1,1,4,0,0
江津区,江津区供水管理站（参照）,综合管理2,1,1,0,0
江津区,江津区农村经济经营管理站（参照）,综合管理1,1,10,0,0
江津区,江津区农村经济经营管理站（参照）,综合管理2,1,4,0,0
江津区,江津区军队离休退休干部服务管理中心（参照）,综合管理,1,9,0,0
江津区,江津区医疗保障事务中心（参照）,综合管理,1,10,0,0
江津区,江津区森林病虫防治站（参照）,综合管理,1,9,0,0
江津区,江津区招商中心（参照）,综合管理1,1,4,0,0
江津区,江津区招商中心（参照）,综合管理2,1,2,0,0
江津区,江津区招商中心（参照）,综合管理3,1,11,0,0
江津区,江津区招商中心（参照）,综合管理4,1,5,0,0
江津区,江津区法律援助中心（参照）,综合管理1,1,2,0,0
江津区,江津区法律援助中心（参照）,综合管理2,1,6,0,0
江津区,江津区法律援助中心（参照）,综合管理3,1,3,0,0
江津区,江津区军粮供应站（参照）,综合管理,1,16,0,0
江津区,江津区人民防空应急指挥中心（参照）,综合管理1,1,2,0,0
江津区,江津区人民防空应急指挥中心（参照）,综合管理2,1,4,0,0
江津区,江津区交通运输综合行政执法支队（参照）,行政执法1,1,1,0,0
江津区,江津区交通运输综合行政执法支队（参照）,行政执法2,1,5,0,0
江津区,江津区交通运输综合行政执法支队（参照）,行政执法3,1,7,0,0
江津区,江津区交通运输综合行政执法支队（参照）,行政执法4,1,1,0,0
江津区,江津区城市管理综合行政执法支队（参照）,行政执法1,1,5,0,0
江津区,江津区城市管理综合行政执法支队（参照）,行政执法2,1,4,0,0
江津区,江津区城市管理综合行政执法支队（参照）,行政执法3,1,7,0,0
江津区,江津区城市管理综合行政执法支队（参照）,行政执法4,1,5,0,0
江津区,江津区城市管理综合行政执法支队（参照）,行政执法5,1,0,0,0
江津区,江津区城市管理综合行政执法支队（参照）,行政执法6,1,8,0,0
江津区,江津区城市管理综合行政执法支队（参照）,行政执法7,1,8,0,0
江津区,江津区城市管理综合行政执法支队（参照）,行政执法8,1,2,0,0
江津区,江津区城市管理综合行政执法支队（参照）,行政执法9,1,0,0,0
江津区,江津区城市管理综合行政执法支队（参照）,行政执法10,1,4,0,0
江津区,江津区城市管理综合行政执法支队（参照）,行政执法11,1,14,0,0
江津区,江津区城市管理综合行政执法支队（参照）,行政执法12,1,3,0,0
江津区,江津区城市管理综合行政执法支队（参照）,行政执法13,1,2,0,0
江津区,江津区城市管理综合行政执法支队（参照）,行政执法14,1,6,0,0
江津区,江津区城市管理综合行政执法支队（参照）,行政执法15,1,3,0,0
江津区,江津区城市管理综合行政执法支队（参照）,行政执法16,1,0,0,0
江津区,江津区城市管理综合行政执法支队（参照）,行政执法17,1,2,0,0
江津区,江津区城市管理综合行政执法支队（参照）,行政执法18,1,3,0,0
江津区,江津区城市管理综合行政执法支队（参照）,行政执法19,1,0,0,0
江津区,江津区公安局,基层警务技术职位1,4,21,0,0
江津区,江津区公安局,基层警务技术职位2,3,13,0,0
江津区,江津区公安局,基层警务技术职位3,3,9,0,0
江津区,江津区公安局,基层执法勤务职位1,1,6,0,0
江津区,江津区公安局,基层执法勤务职位2,4,21,0,0
江津区,江津区公安局,基层执法勤务职位3,2,14,0,0
江津区,江津区公安局,基层执法勤务职位4,3,7,0,0
江津区,江津区公安局,基层执法勤务职位5,2,7,0,0
江津区,江津区公安局,基层执法勤务职位6,3,4,0,0
江津区,江津区公安局,基层执法勤务职位7,2,9,0,0
江津区,江津区公安局,基层执法勤务职位8,3,17,0,0
合川区,合川区狮滩镇人民政府,综合管理1,1,4,1,1
合川区,合川区狮滩镇人民政府,综合管理2,1,9,4,3
合川区,合川区狮滩镇人民政府,综合管理3,1,3,1,1
合川区,合川区双凤镇人民政府,综合管理1,1,13,8,1
合川区,合川区双凤镇人民政府,综合管理2,1,3,2,0
合川区,合川区土场镇人民政府,综合管理,1,5,3,1
合川区,合川区三汇镇人民政府,综合管理1,1,5,3,3
合川区,合川区三汇镇人民政府,综合管理2,1,9,3,1
合川区,合川区三汇镇人民政府,综合管理3,1,18,11,1
合川区,合川区三汇镇人民政府,综合管理4,1,1,0,0
合川区,合川区小沔镇人民政府,综合管理,1,7,0,0
合川区,合川区双槐镇人民政府,综合管理1,1,3,3,2
合川区,合川区双槐镇人民政府,综合管理2,2,5,4,1
合川区,合川区双槐镇人民政府,综合管理3,1,2,0,0
合川区,合川区香龙镇人民政府,财务统计1,1,4,0,0
合川区,合川区香龙镇人民政府,财务统计2,1,0,0,0
合川区,合川区香龙镇人民政府,综合管理,1,0,0,0
合川区,合川区龙市镇人民政府,综合管理1,2,24,2,1
合川区,合川区龙市镇人民政府,综合管理2,2,30,4,3
合川区,合川区龙市镇人民政府,综合管理3,1,1,0,0
合川区,合川区肖家镇人民政府,综合管理1,1,8,1,1
合川区,合川区肖家镇人民政府,综合管理2,1,2,0,0
合川区,合川区涞滩镇人民政府,综合管理1,1,8,5,1
合川区,合川区涞滩镇人民政府,综合管理2,1,13,9,2
合川区,合川区涞滩镇人民政府,综合管理3,1,4,1,0
合川区,合川区涞滩镇人民政府,综合管理4,1,5,0,0
合川区,合川区官渡镇人民政府,财务管理,1,5,0,0
合川区,合川区钱塘镇人民政府,综合管理1,1,3,2,1
合川区,合川区钱塘镇人民政府,综合管理2,1,5,5,2
合川区,合川区钱塘镇人民政府,综合管理3,1,11,2,1
合川区,合川区沙鱼镇人民政府,财务管理,1,2,1,1
合川区,合川区古楼镇人民政府,综合管理1,1,14,11,3
合川区,合川区古楼镇人民政府,综合管理2,1,3,2,0
合川区,合川区古楼镇人民政府,综合管理3,1,14,10,2
合川区,合川区古楼镇人民政府,综合管理4,1,0,0,0
合川区,合川区三庙镇人民政府,综合管理1,1,1,0,0
合川区,合川区三庙镇人民政府,综合管理2,1,3,1,0
合川区,合川区燕窝镇人民政府,综合管理1,1,8,7,2
合川区,合川区燕窝镇人民政府,综合管理2,1,2,2,0
合川区,合川区燕窝镇人民政府,村镇建设1,1,12,5,4
合川区,合川区燕窝镇人民政府,村镇建设2,1,4,2,0
合川区,合川区二郎镇人民政府,综合管理1,1,22,10,5
合川区,合川区二郎镇人民政府,综合管理2,1,6,2,1
合川区,合川区龙凤镇人民政府,综合管理,1,0,0,0
合川区,合川区太和镇人民政府,综合管理1,1,12,6,4
合川区,合川区太和镇人民政府,综合管理2,1,15,8,3
合川区,合川区太和镇人民政府,基层党建1,1,9,4,3
合川区,合川区太和镇人民政府,基层党建2,1,15,10,6
合川区,合川区太和镇人民政府,综合管理3,1,0,0,0
合川区,合川区隆兴镇人民政府,综合管理1,2,18,12,4
合川区,合川区隆兴镇人民政府,综合管理2,1,12,5,4
合川区,合川区隆兴镇人民政府,综合管理3,1,14,7,4
合川区,合川区铜溪镇人民政府,综合管理1,1,23,13,7
合川区,合川区铜溪镇人民政府,综合管理2,1,27,13,2
合川区,合川区渭沱镇人民政府,综合管理1,1,20,8,0
合川区,合川区渭沱镇人民政府,综合管理2,1,2,0,0
合川区,合川区渭沱镇人民政府,综合管理3,1,0,0,0
合川区,合川区纪委监委,审查调查1,1,4,0,0
合川区,合川区纪委监委,审查调查2,1,4,1,1
合川区,合川区纪委监委,监察调查1,1,2,0,0
合川区,合川区纪委监委,监察调查2,1,3,0,0
合川区,合川区纪委监委,监察调查3,1,0,0,0
合川区,合川区委社会工作部,综合管理,1,7,2,1
合川区,合川区科技局,综合管理,1,18,2,2
合川区,合川区民政局,综合管理,1,15,5,5
合川区,合川区司法局,宣传文化,1,14,1,0
合川区,合川区司法局,司法助理,1,9,5,1
合川区,合川区财政局,财政管理1,1,1,1,0
合川区,合川区财政局,财政管理2,1,2,1,1
合川区,合川区住房城乡建委,工程管理,1,5,1,0
合川区,合川区南津街街道办事处,基层党建1,1,6,0,0
合川区,合川区南津街街道办事处,基层党建2,1,3,1,1
合川区,合川区钓鱼城街道办事处,法治建设,1,3,0,0
合川区,合川区钓鱼城街道办事处,基层党建,1,3,2,0
合川区,合川区大石街道办事处,综合管理1,1,2,0,0
合川区,合川区大石街道办事处,综合管理2,1,3,0,0
合川区,合川区大石街道办事处,综合管理3,1,8,1,1
合川区,合川区草街街道办事处,财务管理,1,10,1,1
合川区,合川区草街街道办事处,综合管理,1,10,2,2
合川区,合川区云门街道办事处,综合管理1,1,1,0,0
合川区,合川区云门街道办事处,综合管理2,1,3,0,0
合川区,合川区党员教育中心（参照）,综合管理1,1,2,0,0
合川区,合川区党员教育中心（参照）,综合管理2,1,11,2,0
合川区,合川区党员教育中心（参照）,综合管理3,1,2,0,0
合川区,合川区党员教育中心（参照）,综合管理4,1,9,1,1
合川区,合川区老干部活动中心（参照）,综合管理,1,7,2,1
合川区,合川区委党校（参照）,综合管理1,1,35,16,8
合川区,合川区委党校（参照）,综合管理2,1,21,10,4
合川区,合川区委史志研究中心（参照）,党史编纂,1,33,12,4
合川区,合川区机关事务管理中心（参照）,综合管理1,1,7,1,1
合川区,合川区机关事务管理中心（参照）,综合管理2,1,12,0,0
合川区,合川区总工会（参照）,综合管理,1,21,8,4
合川区,合川区残疾人联合会（参照）,综合管理,1,0,0,0
合川区,合川区人防应急指挥中心（参照）,综合管理1,1,10,3,2
合川区,合川区人防应急指挥中心（参照）,综合管理2,1,2,0,0
合川区,合川区人防应急指挥中心（参照）,综合管理3,1,2,0,0
合川区,合川区社会救助中心（参照）,综合管理1,1,3,1,0
合川区,合川区社会救助中心（参照）,综合管理2,1,0,0,0
合川区,合川区殡葬事务所（参照）,财务管理,1,5,5,1
合川区,合川区殡葬事务所（参照）,综合管理1,1,17,4,2
合川区,合川区殡葬事务所（参照）,综合管理2,1,14,3,2
合川区,合川区殡葬事务所（参照）,综合管理3,1,5,3,1
合川区,合川区殡葬事务所（参照）,综合管理4,1,10,3,2
合川区,合川区会计委派中心（参照）,综合管理1,1,1,0,0
合川区,合川区会计委派中心（参照）,综合管理2,1,1,0,0
合川区,合川区会计委派中心（参照）,综合管理3,1,2,0,0
合川区,合川区会计委派中心（参照）,综合管理4,1,4,1,0
合川区,合川区劳动人事争议仲裁院（参照）,综合管理1,1,1,0,0
合川区,合川区劳动人事争议仲裁院（参照）,综合管理2,1,1,0,0
合川区,合川区社会保险事务中心（参照）,工伤待遇审核1,1,13,3,0
合川区,合川区社会保险事务中心（参照）,工伤待遇审核2,1,9,4,1
合川区,合川区社会保险事务中心（参照）,综合管理,1,2,0,0
合川区,合川区社会保险事务中心（参照）,财务管理1,1,7,3,1
合川区,合川区社会保险事务中心（参照）,财务管理2,1,2,1,1
合川区,合川区就业和人才中心（参照）,综合管理,1,7,0,0
合川区,合川区道路运输事务中心（参照）,综合管理1,3,18,5,2
合川区,合川区道路运输事务中心（参照）,综合管理2,3,21,8,4
合川区,合川区畜牧兽医中心（参照）,综合管理1,1,8,7,1
合川区,合川区畜牧兽医中心（参照）,综合管理2,1,9,3,1
合川区,合川区钓鱼城风景名胜区事务中心（参照）,风景园林管理,1,20,9,4
合川区,合川区军队离退休干部服务管理中心（参照）,财务会计,1,2,0,0
合川区,合川区国有资产管理中心（参照）,综合管理1,1,4,2,1
合川区,合川区国有资产管理中心（参照）,综合管理2,1,9,3,2
合川区,合川区森林病虫防治检疫站（参照）,综合管理1,1,1,0,0
合川区,合川区森林病虫防治检疫站（参照）,综合管理2,1,8,4,1
合川区,合川区森林病虫防治检疫站（参照）,综合管理3,1,13,9,1
合川区,合川区政务服务中心（参照）,综合管理1,1,1,0,0
合川区,合川区政务服务中心（参照）,综合管理2,1,6,0,0
合川区,合川区政务服务中心（参照）,综合管理3,1,8,0,0
合川区,合川区供销合作社（参照）,经济发展,1,15,7,1
合川区,合川区生态环境保护综合行政执法支队（参照）,行政执法1,1,10,3,2
合川区,合川区生态环境保护综合行政执法支队（参照）,行政执法2,1,7,2,1
合川区,合川区城市管理综合行政执法支队（参照）,行政执法1,2,7,4,3
合川区,合川区城市管理综合行政执法支队（参照）,行政执法2,2,6,3,0
合川区,合川区城市管理综合行政执法支队（参照）,行政执法3,1,2,0,0
合川区,合川区城市管理综合行政执法支队（参照）,行政执法4,1,2,0,0
合川区,合川区城市管理综合行政执法支队（参照）,综合管理1,1,3,2,2
合川区,合川区城市管理综合行政执法支队（参照）,综合管理2,1,0,0,0
合川区,合川区城市管理综合行政执法支队（参照）,综合管理3,2,0,0,0
合川区,合川区城市管理综合行政执法支队（参照）,综合管理4,2,0,0,0
合川区,合川区交通运输综合行政执法支队（参照）,交通法制审核,2,0,0,0
合川区,合川区交通运输综合行政执法支队（参照）,交通执法1,3,10,3,2
合川区,合川区交通运输综合行政执法支队（参照）,交通执法2,3,6,2,0
合川区,合川区交通运输综合行政执法支队（参照）,交通执法3,2,11,3,0
合川区,合川区交通运输综合行政执法支队（参照）,交通执法4,1,2,0,0
合川区,合川区交通运输综合行政执法支队（参照）,交通执法5,1,0,0,0
合川区,合川区交通运输综合行政执法支队（参照）,工程质量监督管理1,1,5,0,0
合川区,合川区交通运输综合行政执法支队（参照）,工程质量监督管理2,1,0,0,0
合川区,合川区交通运输综合行政执法支队（参照）,综合管理1,1,1,0,0
合川区,合川区交通运输综合行政执法支队（参照）,综合管理2,1,3,0,0
合川区,合川区交通运输综合行政执法支队（参照）,综合管理3,1,7,4,1
合川区,合川区交通运输综合行政执法支队（参照）,综合管理4,1,4,2,2
合川区,合川区交通运输综合行政执法支队（参照）,数字交通执法,1,2,2,1
合川区,合川区农业综合行政执法支队（参照）,行政执法1,2,16,1,1
合川区,合川区农业综合行政执法支队（参照）,行政执法2,2,14,1,0
合川区,合川区农业综合行政执法支队（参照）,法制审核,1,0,0,0
合川区,合川区应急管理综合行政执法支队（参照）,矿山监管,1,5,0,0
合川区,合川区应急管理综合行政执法支队（参照）,水旱防治,1,5,1,1
合川区,合川区应急管理综合行政执法支队（参照）,行政执法,1,10,4,3
合川区,合川区应急管理综合行政执法支队（参照）,财务管理,1,4,2,1
合川区,合川区公安局,基层执法勤务1,4,11,4,1
合川区,合川区公安局,基层执法勤务2,1,0,0,0
合川区,合川区公安局,基层执法勤务3,1,2,2,1
合川区,合川区公安局,基层执法勤务4,2,7,5,2
合川区,合川区公安局,基层执法勤务5,2,6,3,1
合川区,合川区公安局,基层执法勤务6,2,16,8,1
合川区,合川区公安局,基层执法勤务7,2,18,7,2
合川区,合川区公安局,基层执法勤务8,2,1,0,0
合川区,合川区公安局,基层执法勤务9,2,6,2,1
合川区,合川区公安局,基层执法勤务10,1,1,0,0
合川区,合川区公安局,基层执法勤务11,1,3,2,0
合川区,合川区公安局,基层执法勤务12,1,8,2,0
合川区,合川区公安局,基层执法勤务13,1,2,2,1
合川区,合川区公安局,基层警务技术1（网络安全管理）,2,11,4,0
合川区,合川区公安局,基层警务技术2（网络安全管理）,2,10,4,2
合川区,合川区公安局,基层警务技术3（法医）,1,3,1,0
永川区,永川区乡镇机关,综合管理1,1,9,1,1
永川区,永川区乡镇机关,综合管理2,1,4,0,0
永川区,永川区街道机关,综合管理1,4,25,1,1
永川区,永川区街道机关,综合管理2,4,54,4,2
永川区,永川区街道机关,综合管理3,1,15,0,0
永川区,永川区街道机关,综合管理4,1,6,1,0
永川区,永川区纪委监委,纪检监察1,1,2,0,0
永川区,永川区纪委监委,纪检监察2,1,2,2,2
永川区,永川区政协办公室,综合管理,1,3,1,0
永川区,永川区委编办,综合管理,1,7,4,2
永川区,永川区民政局,综合管理,1,3,0,0
永川区,永川区司法局,综合管理1,1,8,3,0
永川区,永川区司法局,综合管理2,1,0,0,0
永川区,永川区司法局,综合管理3,1,21,14,5
永川区,永川区司法局,综合管理4,1,3,1,0
永川区,永川区司法局,综合管理5,1,7,3,0
永川区,永川区财政局,综合管理,1,10,9,5
永川区,永川区交通运输委,综合管理,1,10,8,2
永川区,永川区农业农村委,综合管理,1,19,11,4
永川区,永川区文化旅游委,综合管理1,1,10,7,3
永川区,永川区文化旅游委,综合管理2,1,3,3,0
永川区,永川区林业局,综合管理,1,21,12,5
永川区,永川区物流办公室,综合管理,1,29,26,6
永川区,永川区档案馆（参照）,综合管理,1,5,0,0
永川区,永川区残疾人联合会（参照）,综合管理1,1,12,1,1
永川区,永川区残疾人联合会（参照）,综合管理2,1,1,1,0
永川区,永川区老干部活动中心（参照）,综合管理,1,12,2,1
永川区,永川区公共资源事务中心（参照）,综合管理,1,11,4,1
永川区,永川区最低生活保障事务中心（参照）,综合管理,2,15,6,0
永川区,永川区殡葬事务中心（参照）,综合管理,1,4,1,0
永川区,永川区预算编审中心（参照）,综合管理1,1,15,11,3
永川区,永川区预算编审中心（参照）,综合管理2,1,12,10,2
永川区,永川区国有资产管理中心（参照）,综合管理,1,34,18,6
永川区,永川区劳动人事仲裁院（参照）,综合管理,1,0,0,0
永川区,永川区城市管理综合行政执法支队（参照）,行政执法1,2,25,10,5
永川区,永川区城市管理综合行政执法支队（参照）,行政执法2,1,3,1,1
永川区,永川区城市管理综合行政执法支队（参照）,行政执法3,1,6,3,1
永川区,永川区城市管理综合行政执法支队（参照）,行政执法4,1,2,0,0
永川区,永川区城市管理综合行政执法支队（参照）,行政执法5,1,0,0,0
永川区,永川区道路运输事务中心（参照）,综合管理,1,4,4,1
永川区,永川区水利站（参照）,综合管理1,2,7,2,2
永川区,永川区水利站（参照）,综合管理2,1,1,0,0
永川区,永川区水利站（参照）,综合管理3,1,1,0,0
永川区,永川区农村经济指导站（参照）,综合管理,1,6,5,1
永川区,永川区社会经济调查队（参照）,综合管理,1,10,2,2
永川区,永川区医疗保障事务中心（参照）,综合管理1,1,11,4,1
永川区,永川区医疗保障事务中心（参照）,综合管理2,1,7,2,1
永川区,永川区医疗保障事务中心（参照）,综合管理3,1,18,2,0
永川区,永川高新区凤凰湖产业促进中心（参照）,综合管理1,4,61,28,12
永川区,永川高新区凤凰湖产业促进中心（参照）,综合管理2,2,16,7,3
永川区,永川高新区凤凰湖产业促进中心（参照）,综合管理3,1,2,1,0
永川区,永川高新区凤凰湖产业促进中心（参照）,综合管理4,1,3,0,0
永川区,永川区公安局,基层执法勤务职位1,6,50,26,11
永川区,永川区公安局,基层执法勤务职位2,4,4,2,0
永川区,永川区公安局,基层执法勤务职位3,3,1,1,0
永川区,永川区公安局,基层执法勤务职位4,5,10,3,0
永川区,永川区公安局,基层执法勤务职位5,5,19,8,2
永川区,永川区公安局,基层执法勤务职位（金融财会）,2,7,1,0
南川区,南川区乡镇机关,综合管理1,5,44,9,4
南川区,南川区乡镇机关,综合管理2,4,19,2,0
南川区,南川区大观镇人民政府,综合管理,1,8,3,2
南川区,南川区古花镇人民政府,综合管理,1,7,3,1
南川区,南川区河图镇人民政府,综合管理,1,11,7,1
南川区,南川区合溪镇人民政府,综合管理1,1,2,2,0
南川区,南川区合溪镇人民政府,综合管理2,1,7,2,0
南川区,南川区民主镇人民政府,综合管理,1,5,0,0
南川区,南川区木凉镇人民政府,经济发展,1,5,1,1
南川区,南川区南平镇人民政府,综合管理,1,6,1,0
南川区,南川区三泉镇人民政府,综合管理,1,6,4,0
南川区,南川区太平场镇人民政府,综合管理,1,2,1,0
南川区,南川区冷水关镇人民政府,综合管理1,1,9,3,0
南川区,南川区冷水关镇人民政府,综合管理2,1,13,2,0
南川区,南川区东城街道办事处,综合管理,1,4,0,0
南川区,南川区科技局,综合管理1,1,28,3,0
南川区,南川区科技局,综合管理2,1,13,7,1
南川区,南川区林业局,综合管理,1,11,1,0
南川区,南川区大数据应用发展管理局,综合管理,1,18,3,0
南川区,南川区金佛山管委会,综合管理,1,13,4,1
南川区,南川区法学会（参照）,法律服务1,1,1,0,0
南川区,南川区法学会（参照）,法律服务2,1,3,0,0
南川区,南川区党史和地方志研究室（参照）,综合管理,1,17,10,4
南川区,南川区能源和重点项目服务中心（参照）,项目管理1,1,14,0,0
南川区,南川区能源和重点项目服务中心（参照）,项目管理2,1,19,8,4
南川区,南川区就业和人才中心（参照）,综合管理,1,9,0,0
南川区,南川区就业和人才中心（参照）,信息建设1,1,6,2,2
南川区,南川区就业和人才中心（参照）,信息建设2,1,2,0,0
南川区,南川区行政服务中心（参照）,综合管理1,1,6,0,0
南川区,南川区行政服务中心（参照）,综合管理2,1,7,2,1
南川区,南川区医疗保障事务中心（参照）,综合管理1,1,3,0,0
南川区,南川区医疗保障事务中心（参照）,综合管理2,1,6,2,2
南川区,南川区国有资产事务中心（参照）,综合管理1,1,11,5,3
南川区,南川区国有资产事务中心（参照）,综合管理2,1,14,0,0
南川区,南川区国有资产事务中心（参照）,综合管理3,2,9,0,0
南川区,南川区婚姻收养登记中心（参照）,综合管理,1,8,3,1
南川区,南川区救助管理站（参照）,综合管理1,1,4,1,0
南川区,南川区救助管理站（参照）,综合管理2,1,2,0,0
南川区,南川区社会经济调查队（参照）,统计调查1,1,7,2,1
南川区,南川区社会经济调查队（参照）,统计调查2,1,6,2,1
南川区,南川区法律援助和矫正帮教中心（参照）,教育帮扶1,1,1,0,0
南川区,南川区法律援助和矫正帮教中心（参照）,教育帮扶2,1,0,0,0
南川区,南川区森林病虫防治中心（参照）,综合管理1,1,6,1,0
南川区,南川区森林病虫防治中心（参照）,综合管理2,1,6,2,0
南川区,南川区劳动人事争议仲裁院（参照）,综合管理1,1,1,1,0
南川区,南川区劳动人事争议仲裁院（参照）,综合管理2,1,0,0,0
南川区,南川区水利工程运行中心（参照）,综合管理1,1,8,1,1
南川区,南川区水利工程运行中心（参照）,综合管理2,1,3,0,0
南川区,南川区水土保持站（参照）,综合管理,1,4,1,0
南川区,南川区水利工程质量管理站（参照）,综合管理,1,17,3,1
南川区,南川区水利水电中心（参照）,综合管理,1,4,0,0
南川区,南川区生态环境保护综合行政执法支队（参照）,环境执法1,1,7,0,0
南川区,南川区生态环境保护综合行政执法支队（参照）,环境执法2,1,5,1,0
南川区,南川区应急管理综合行政执法支队（参照）,行政执法,1,1,0,0
南川区,南川区交通运输综合行政执法支队（参照）,行政执法1,1,277,137,47
南川区,南川区交通运输综合行政执法支队（参照）,行政执法2,2,23,14,3
南川区,南川区交通运输综合行政执法支队（参照）,行政执法3,2,7,4,3
南川区,南川区文化市场综合行政执法支队（参照）,行政执法,1,24,5,2
南川区,南川区城市管理综合行政执法支队（参照）,行政执法1,1,3,3,1
南川区,南川区城市管理综合行政执法支队（参照）,行政执法2,1,2,0,0
南川区,南川区城市管理综合行政执法支队（参照）,行政执法3,1,1,0,0
南川区,南川区城市管理综合行政执法支队（参照）,行政执法4,1,0,0,0
南川区,南川区公安局,基层警务技术1（物证检验及鉴定）,2,4,1,0
南川区,南川区公安局,基层警务技术2（法医）,1,2,2,0
南川区,南川区公安局,基层执法勤务1,1,6,1,0
南川区,南川区公安局,基层执法勤务2,1,3,3,0
南川区,南川区公安局,基层执法勤务3,1,10,5,2
南川区,南川区公安局,基层执法勤务4,2,6,4,1
南川区,南川区公安局,基层执法勤务5,2,2,1,0
綦江区,綦江区乡镇机关,综合管理1,2,5,0,0
綦江区,綦江区乡镇机关,综合管理2,3,14,5,2
綦江区,綦江区乡镇机关,综合管理3,3,51,15,12
綦江区,綦江区乡镇机关,综合管理4,3,23,11,4
綦江区,綦江区乡镇机关,综合管理5,2,21,7,2
綦江区,綦江区乡镇机关,综合管理6,2,9,4,2
綦江区,綦江区乡镇机关,综合管理7,2,36,12,4
綦江区,綦江区乡镇机关,基层治理1,3,26,14,6
綦江区,綦江区乡镇机关,基层治理2,3,11,6,4
綦江区,綦江区古南街道办事处,农业管理,1,5,2,0
綦江区,綦江区古南街道办事处,党务管理,1,2,1,1
綦江区,綦江区古南街道办事处,综合管理,1,14,5,1
綦江区,綦江区三江街道办事处,数字党建管理,1,2,1,1
綦江区,綦江区新盛街道办事处,农业管理,1,4,2,0
綦江区,綦江区纪委监委,纪检监察1,1,4,2,2
綦江区,綦江区纪委监委,纪检监察2,1,4,2,0
綦江区,綦江区科协（参照）,财务管理,1,6,2,1
綦江区,綦江区团委（参照）,综合管理,1,12,5,2
綦江区,綦江区发展改革委,综合管理,1,2,0,0
綦江区,綦江区教委,教育管理,1,7,4,1
綦江区,綦江区司法局,社区矫正管理,1,10,7,2
綦江区,綦江区交通运输委,交通运输管理,1,9,1,0
綦江区,綦江区最低生活保障事务中心（参照）,综合管理,1,3,0,0
綦江区,綦江区救助管理站（参照）,救助管理,1,12,3,2
綦江区,綦江区民政局婚姻登记处（参照）,综合管理,1,3,0,0
綦江区,綦江区财政国库集中支付中心（参照）,综合管理,1,3,1,0
綦江区,綦江区财政国库集中支付中心（参照）,数据分析,1,10,2,0
綦江区,綦江区财政国库集中支付中心（参照）,财务管理,1,3,2,1
綦江区,綦江区税费征收管理中心（参照）,党建,1,11,5,1
綦江区,綦江区税费征收管理中心（参照）,综合管理,1,4,1,1
綦江区,綦江区税费征收管理中心（参照）,财务信息化管理,1,3,0,0
綦江区,綦江区财政预算绩效管理中心（参照）,项目评审管理,1,10,6,3
綦江区,綦江区社会保险事务中心（参照）,综合管理,1,8,1,1
綦江区,綦江区劳动人事争议仲裁院（参照）,仲裁审理,1,2,0,0
綦江区,綦江区水文与水旱灾害防御中心（参照）,综合管理,1,3,0,0
綦江区,綦江区水文与水旱灾害防御中心（参照）,财务管理,1,4,3,3
綦江区,綦江区水文与水旱灾害防御中心（参照）,水利管理,1,4,1,0
綦江区,綦江区社会经济调查队（参照）,经济调查1,1,5,3,2
綦江区,綦江区社会经济调查队（参照）,经济调查2,1,4,2,1
綦江区,綦江区社会经济调查队（参照）,经济调查3,1,1,0,0
綦江区,綦江区生态环境保护综合行政执法支队（参照）,环境执法,1,3,1,1
綦江区,綦江区城市管理综合行政执法支队（参照）,党建,2,12,2,0
綦江区,綦江区城市管理综合行政执法支队（参照）,财务管理,1,5,2,2
綦江区,綦江区城市管理综合行政执法支队（参照）,行政执法1,1,4,1,0
綦江区,綦江区城市管理综合行政执法支队（参照）,行政执法2,1,10,4,1
綦江区,綦江区城市管理综合行政执法支队（参照）,行政执法3,1,2,2,1
綦江区,綦江区城市管理综合行政执法支队（参照）,行政执法4,1,3,1,0
綦江区,綦江区交通运输综合行政执法支队（参照）,交通执法1,2,20,7,3
綦江区,綦江区交通运输综合行政执法支队（参照）,交通执法2,1,5,3,1
綦江区,綦江区交通运输综合行政执法支队（参照）,交通执法3,1,1,1,1
綦江区,綦江区农业综合行政执法支队（参照）,农业执法1,1,1,0,0
綦江区,綦江区农业综合行政执法支队（参照）,农业执法2,1,2,1,0
綦江区,綦江区公安局,基层执法勤务1,1,2,0,0
綦江区,綦江区公安局,基层执法勤务2,1,0,0,0
綦江区,綦江区公安局,基层执法勤务3,2,3,3,0
綦江区,綦江区公安局,基层执法勤务4,1,4,2,0
綦江区,綦江区公安局,基层执法勤务5,1,1,0,0
綦江区,綦江区公安局,基层执法勤务6,2,9,4,1
綦江区,綦江区公安局,基层执法勤务7,1,0,0,0
綦江区,綦江区公安局,基层执法勤务8,1,5,2,1
綦江区,綦江区公安局,基层警务技术（法医）,1,4,2,2
大足区,大足区乡镇机关,综合管理1,3,35,26,11
大足区,大足区乡镇机关,综合管理2,3,24,12,5
大足区,大足区乡镇机关,综合管理3,3,15,12,6
大足区,大足区乡镇机关,综合管理4,3,42,32,13
大足区,大足区乡镇机关,综合管理5,6,25,6,1
大足区,大足区乡镇机关,综合管理6,6,25,8,3
大足区,大足区龙滩子街道办事处,综合管理,1,0,0,0
大足区,大足区通桥街道办事处,综合管理1,1,4,0,0
大足区,大足区通桥街道办事处,综合管理2,1,2,0,0
大足区,大足区纪委监委,纪检监察1,3,17,5,1
大足区,大足区纪委监委,纪检监察2,3,10,6,1
大足区,大足区委统战部,综合管理,1,11,2,1
大足区,大足区委社会工作部,综合管理,1,5,3,0
大足区,大足区工商联,综合管理,1,11,7,2
大足区,共青团大足区委（参照）,宣传教育,1,2,1,0
大足区,大足区妇联（参照）,妇女维权,1,6,0,0
大足区,大足区计划生育协会（参照）,综合管理,1,7,2,0
大足区,大足区发展改革委,综合管理,1,3,1,1
大足区,大足区经济信息委,综合管理,1,5,1,0
大足区,大足区住房城乡建委,住建执法,1,1,1,0
大足区,大足区商务委,商务管理1,1,36,12,4
大足区,大足区商务委,商务管理2,1,10,4,0
大足区,大足区卫生健康委,财务管理,1,12,7,0
大足区,大足区大数据发展局,数据管理,1,2,2,2
大足区,大足区招商投资局,综合管理,1,12,9,2
大足区,双桥经开区办公室,综合管理,1,8,1,0
大足区,双桥经开区投资促进局,综合管理,1,27,18,7
大足区,双桥经开区建设局,监督管理,1,6,4,1
大足区,大足区司法局,综合管理1,2,5,5,1
大足区,大足区司法局,综合管理2,2,4,3,1
大足区,大足区离退休干部活动中心（参照）,信息管理,1,8,7,1
大足区,大足区供销社（参照）,综合管理,1,9,8,5
大足区,大足区机关事务管理中心（参照）,综合管理1,1,1,1,0
大足区,大足区机关事务管理中心（参照）,综合管理2,1,3,1,1
大足区,大足区最低生活保障管理中心（参照）,综合管理,2,10,3,1
大足区,大足区婚姻登记所（参照）,综合管理,1,6,3,2
大足区,大足区救助管理站（参照）,综合管理,1,8,3,3
大足区,大足区财政收支管理中心（参照）,财务管理1,1,5,4,1
大足区,大足区财政收支管理中心（参照）,财务管理2,1,4,4,2
大足区,大足区财政收支管理中心（参照）,综合管理,1,7,5,2
大足区,双桥经开区财政集中支付中心（参照）,综合管理,1,6,2,0
大足区,大足区社会保险事务中心（参照）,综合管理,1,15,12,7
大足区,大足区就业和人才中心（参照）,综合管理1,1,9,7,4
大足区,大足区就业和人才中心（参照）,综合管理2,1,6,2,2
大足区,大足区就业和人才中心（参照）,综合管理3,1,4,3,1
大足区,大足区劳动人事争议仲裁院（参照）,争议仲裁,1,0,0,0
大足区,大足区畜牧渔业发展中心（参照）,综合管理,1,9,6,3
大足区,大足区军队离退休干部服务中心（参照）,综合管理,1,3,3,2
大足区,大足区社会经济调查队（参照）,社会经济调查1,2,11,11,3
大足区,大足区社会经济调查队（参照）,社会经济调查2,2,9,9,2
大足区,大足区医疗保障事务中心（参照）,基金监管,1,23,8,2
大足区,大足区医疗保障事务中心（参照）,医保执法,1,1,0,0
大足区,大足区种苗站（参照）,综合管理,1,5,2,0
大足区,大足区天然林保护管理中心（参照）,综合管理,1,3,1,1
大足区,双桥工业园区发展中心（参照）,招商服务1,1,3,1,1
大足区,双桥工业园区发展中心（参照）,招商服务2,1,4,2,1
大足区,大足区应急管理综合行政执法支队（参照）,应急管理执法,2,9,7,2
大足区,大足区城市管理综合行政执法支队（参照）,城管执法1,2,20,15,7
大足区,大足区城市管理综合行政执法支队（参照）,城管执法2,1,3,1,0
大足区,大足区城市管理综合行政执法支队（参照）,城管执法3,1,3,1,0
大足区,大足区城市管理综合行政执法支队（参照）,城管执法4,1,2,1,0
大足区,大足区交通运输综合行政执法支队（参照）,交通执法1,2,3,0,0
大足区,大足区交通运输综合行政执法支队（参照）,交通执法2,3,13,4,4
大足区,大足区生态环境保护综合行政执法支队（参照）,环保执法1,2,3,3,2
大足区,大足区生态环境保护综合行政执法支队（参照）,环保执法2,2,4,3,0
大足区,大足区生态环境保护综合行政执法支队（参照）,环保执法3,2,22,17,6
大足区,大足区文化市场综合行政执法支队（参照）,文化执法,1,4,4,2
大足区,大足区农业综合行政执法支队（参照）,农业执法1,2,1,0,0
大足区,大足区农业综合行政执法支队（参照）,农业执法2,2,0,0,0
大足区,大足区农业综合行政执法支队（参照）,农业执法3,1,7,6,1
大足区,大足区公安局,基层执法勤务1,5,16,9,2
大足区,大足区公安局,基层执法勤务2,3,11,6,4
大足区,大足区公安局,基层执法勤务3,5,12,6,1
大足区,大足区公安局,基层执法勤务4,2,2,0,0
大足区,大足区公安局,基层执法勤务5,2,3,2,1
璧山区,璧山区大兴镇人民政府,综合管理职位,1,24,7,2
璧山区,璧山区七塘镇人民政府,综合管理职位1,1,7,1,0
璧山区,璧山区七塘镇人民政府,综合管理职位2,1,11,3,1
璧山区,璧山区丁家街道办事处,综合管理职位,1,10,3,1
璧山区,璧山区司法局,党建综合职位,1,18,6,2
璧山区,璧山区司法局,司法管理职位,1,4,0,0
璧山区,璧山区生态环境局,信息管理职位,1,37,6,2
璧山区,璧山区社会保险事务中心（参照）,综合管理职位1,1,18,5,0
璧山区,璧山区社会保险事务中心（参照）,综合管理职位2,1,16,1,0
璧山区,璧山区国库集中收付中心（参照）,财务管理职位1,1,12,7,1
璧山区,璧山区国库集中收付中心（参照）,财务管理职位2,1,16,2,1
璧山区,璧山区劳动人事争议仲裁院（参照）,综合管理职位,1,15,2,2
璧山区,璧山区农村合作经济经营管理站（参照）,综合管理职位1,1,7,1,1
璧山区,璧山区农村合作经济经营管理站（参照）,综合管理职位2,1,3,2,0
璧山区,璧山区社会经济调查队（参照）,统计调查职位,1,13,2,1
璧山区,璧山区林业有害生物监测防治站（参照）,林业管理职位,1,28,6,2
璧山区,璧山区政务服务中心（参照）,综合管理职位,1,12,1,0
璧山区,璧山区交通运输综合行政执法支队（参照）,行政执法职位,1,4,0,0
璧山区,璧山区交通运输综合行政执法支队（参照）,行政执法职位1,1,4,0,0
璧山区,璧山区交通运输综合行政执法支队（参照）,行政执法职位2,1,3,1,0
璧山区,璧山区农业综合行政执法支队（参照）,综合执法职位,1,6,2,1
铜梁区,铜梁区乡镇机关,综合管理1,3,25,20,8
铜梁区,铜梁区乡镇机关,综合管理2,5,89,60,29
铜梁区,铜梁区乡镇机关,综合管理3,5,24,13,4
铜梁区,铜梁区街道机关,综合管理1,3,21,4,2
铜梁区,铜梁区街道机关,综合管理2,3,16,4,1
铜梁区,铜梁区委网信办,综合管理,1,4,1,0
铜梁区,铜梁区经济信息委,企业发展和服务,1,16,8,3
铜梁区,铜梁区公安局,基层执法勤务1,1,14,7,1
铜梁区,铜梁区公安局,基层执法勤务2,3,5,4,3
铜梁区,铜梁区公安局,基层执法勤务3,5,33,25,9
铜梁区,铜梁区司法局,司法助理1,1,1,1,0
铜梁区,铜梁区司法局,司法助理2,1,1,0,0
铜梁区,铜梁区财政局,财务管理1,2,8,4,3
铜梁区,铜梁区财政局,财务管理2,2,9,6,3
铜梁区,铜梁区卫生健康委,财务管理,1,14,9,2
铜梁区,铜梁区卫生健康委,信息统计,1,23,15,3
铜梁区,铜梁区文化旅游委,产业发展,1,11,8,1
铜梁区,铜梁区信访办,综合管理1,1,5,5,2
铜梁区,铜梁区信访办,综合管理2,1,9,8,1
铜梁区,铜梁区国资委,国企管理,1,18,14,3
铜梁区,铜梁区招商投资局,招商引资,1,4,2,0
铜梁区,铜梁高新区管委会,产业项目管理,1,7,6,2
铜梁区,铜梁高新区管委会,综合管理,1,23,16,2
铜梁区,铜梁区救助管理站（参照）,综合管理,1,5,4,2
铜梁区,铜梁区老龄健康事务中心（参照）,综合管理,1,9,6,2
铜梁区,铜梁区婚姻登记处（参照）,综合管理,1,24,23,7
铜梁区,铜梁区殡葬管理所（参照）,综合管理,1,10,9,6
铜梁区,铜梁区国库集中支付核算中心（参照）,财务管理1,2,3,1,0
铜梁区,铜梁区国库集中支付核算中心（参照）,财务管理2,2,7,5,1
铜梁区,铜梁区社保中心（参照）,综合管理1,1,9,9,0
铜梁区,铜梁区社保中心（参照）,综合管理2,1,2,2,0
铜梁区,铜梁区医疗保障事务中心（参照）,医疗保障,1,10,7,0
铜梁区,铜梁区城市管理综合行政执法支队（参照）,综合执法1,1,2,1,0
铜梁区,铜梁区城市管理综合行政执法支队（参照）,综合执法2,1,0,0,0
铜梁区,铜梁区生态环境保护综合行政执法支队（参照）,综合执法1,1,9,5,1
铜梁区,铜梁区生态环境保护综合行政执法支队（参照）,综合执法2,1,10,8,1
铜梁区,铜梁区交通运输综合行政执法支队（参照）,综合执法1,1,4,3,1
铜梁区,铜梁区交通运输综合行政执法支队（参照）,综合执法2,1,3,2,1
铜梁区,铜梁区应急管理综合行政执法支队（参照）,综合执法,1,13,10,0
铜梁区,铜梁区水旱灾害和森林火灾管理中心（参照）,应急管理,1,10,8,3
铜梁区,共青团铜梁区委（参照）,青少年综合服务,1,10,6,1
潼南区,潼南区乡镇机关,综合管理1,2,9,2,0
潼南区,潼南区乡镇机关,综合管理2,2,8,4,3
潼南区,潼南区乡镇机关,综合管理3,1,11,6,4
潼南区,潼南区乡镇机关,综合管理4,1,8,1,0
潼南区,潼南区乡镇机关,综合管理5,2,12,4,3
潼南区,潼南区乡镇机关,综合管理6,2,13,2,2
潼南区,潼南区双江镇人民政府,综合管理1,1,20,5,3
潼南区,潼南区双江镇人民政府,综合管理2,1,31,5,1
潼南区,潼南区大佛街道办事处,综合管理1,1,5,1,0
潼南区,潼南区大佛街道办事处,综合管理2,1,5,1,0
潼南区,潼南区纪委监委,综合管理1,1,6,4,3
潼南区,潼南区纪委监委,综合管理2,1,1,0,0
潼南区,潼南区纪委监委,综合管理3,1,4,0,0
潼南区,潼南区纪委监委,综合管理4,1,1,0,0
潼南区,潼南区教委,综合管理,1,12,1,0
潼南区,潼南区民政局,综合管理1,1,14,3,1
潼南区,潼南区民政局,综合管理2,1,18,2,1
潼南区,潼南区司法局,综合管理1,1,1,0,0
潼南区,潼南区司法局,综合管理2,1,2,0,0
潼南区,潼南区财政局,综合管理1,2,20,7,6
潼南区,潼南区财政局,综合管理2,1,10,2,0
潼南区,潼南区水利局,综合管理1,1,31,9,3
潼南区,潼南区水利局,综合管理2,1,11,4,0
潼南区,潼南区农业农村委,综合管理1,1,7,2,0
潼南区,潼南区农业农村委,综合管理2,1,6,0,0
潼南区,潼南区卫生健康委,综合管理1,1,9,0,0
潼南区,潼南区卫生健康委,综合管理2,1,13,0,0
潼南区,潼南区救助管理站（参照）,综合管理,1,9,0,0
潼南区,潼南区非税收入和预算绩效管理中心（参照）,综合管理,1,8,0,0
潼南区,潼南区国库集中支付中心（参照）,综合管理1,2,16,1,0
潼南区,潼南区国库集中支付中心（参照）,综合管理2,1,5,0,0
潼南区,潼南区就业和人才中心（参照）,综合管理1,1,11,0,0
潼南区,潼南区就业和人才中心（参照）,综合管理2,1,7,0,0
潼南区,潼南区社会保险事务中心（参照）,综合管理1,1,2,0,0
潼南区,潼南区社会保险事务中心（参照）,综合管理2,1,0,0,0
潼南区,潼南区交通运输综合行政执法支队（参照）,交通执法1,1,10,0,0
潼南区,潼南区交通运输综合行政执法支队（参照）,交通执法2,1,3,0,0
潼南区,潼南区交通运输综合行政执法支队（参照）,交通执法3,1,34,2,0
潼南区,潼南区农业综合行政执法支队（参照）,农业执法1,1,15,4,2
潼南区,潼南区农业综合行政执法支队（参照）,农业执法2,1,3,0,0
潼南区,潼南区农业综合行政执法支队（参照）,农业执法3,1,33,6,1
潼南区,潼南区公安局,基层执法勤务1,2,3,2,2
潼南区,潼南区公安局,基层执法勤务2,3,2,1,0
潼南区,潼南区公安局,基层执法勤务3,2,1,0,0
潼南区,潼南区公安局,基层执法勤务4,1,10,5,2
荣昌区,荣昌区乡镇机关,环境治理1,3,19,13,3
荣昌区,荣昌区乡镇机关,环境治理2,3,9,8,3
荣昌区,荣昌区万灵镇人民政府,基层党建,1,4,0,0
荣昌区,荣昌区清江镇人民政府,综合管理,1,1,0,0
荣昌区,荣昌区荣隆镇人民政府,村镇建设,1,10,5,2
荣昌区,荣昌区荣隆镇人民政府,综合管理,1,1,1,1
荣昌区,荣昌区龙集镇人民政府,综合管理,1,12,3,2
荣昌区,荣昌区龙集镇人民政府,农业发展,1,4,2,1
荣昌区,荣昌区仁义镇人民政府,综合管理,1,1,1,0
荣昌区,荣昌区河包镇人民政府,综合管理,1,19,14,1
荣昌区,荣昌区吴家镇人民政府,综合管理1,1,6,2,1
荣昌区,荣昌区吴家镇人民政府,综合管理2,1,3,1,0
荣昌区,荣昌区观胜镇人民政府,基层党建,1,3,1,0
荣昌区,荣昌区盘龙镇人民政府,综合管理,1,3,0,0
荣昌区,荣昌区远觉镇人民政府,乡村振兴,1,8,3,2
荣昌区,荣昌区街道机关,环境治理1,1,0,0,0
荣昌区,荣昌区街道机关,环境治理2,1,3,3,0
荣昌区,荣昌区昌元街道办事处,经济发展,1,4,1,0
荣昌区,荣昌区昌州街道办事处,基层党建1,1,5,3,1
荣昌区,荣昌区昌州街道办事处,基层党建2,1,8,4,1
荣昌区,荣昌区广顺街道办事处,综合管理,1,1,0,0
荣昌区,荣昌区峰高街道办事处,综合管理,1,22,16,3
荣昌区,荣昌区双河街道办事处,党务,1,0,0,0
荣昌区,荣昌区纪委监委机关,纪检监察1,1,4,2,1
荣昌区,荣昌区纪委监委机关,纪检监察2,1,2,2,1
荣昌区,荣昌区教委,综合管理,1,3,3,1
荣昌区,荣昌区民政局,综合管理1,1,13,6,2
荣昌区,荣昌区民政局,综合管理2,1,9,2,1
荣昌区,荣昌区司法局,综合管理1,1,3,0,0
荣昌区,荣昌区司法局,综合管理2,1,7,1,1
荣昌区,荣昌区司法局,综合管理3,1,17,0,0
荣昌区,荣昌区财政局,数字建设,1,9,4,0
荣昌区,荣昌区人力社保局,综合管理1,1,9,5,2
荣昌区,荣昌区人力社保局,综合管理2,1,1,1,0
荣昌区,荣昌区城市管理局,综合管理1,1,4,2,0
荣昌区,荣昌区城市管理局,综合管理2,1,3,2,0
荣昌区,荣昌区水利局,综合管理,1,16,15,3
荣昌区,荣昌区商务委,综合管理,1,15,9,4
荣昌区,荣昌区卫生健康委,综合管理,1,14,9,2
荣昌区,荣昌区招商投资局,综合管理,1,9,6,2
荣昌区,荣昌区工商联,党建管理,1,10,5,1
荣昌区,荣昌区社科联（参照）,综合管理1,1,12,9,2
荣昌区,荣昌区社科联（参照）,综合管理2,1,17,12,3
荣昌区,荣昌区老干部活动中心（参照）,财务管理,1,9,4,3
荣昌区,荣昌区救助管理站（参照）,综合管理,1,18,6,1
荣昌区,荣昌区国库集中支付中心（参照）,财政管理1,1,5,1,0
荣昌区,荣昌区国库集中支付中心（参照）,财政管理2,1,5,4,0
荣昌区,荣昌区国库集中支付中心（参照）,财政管理3,1,2,2,1
荣昌区,荣昌区就业和人才中心（参照）,综合管理,1,5,3,0
荣昌区,荣昌区畜牧发展中心（参照）,畜牧管理1,1,5,4,1
荣昌区,荣昌区畜牧发展中心（参照）,畜牧管理2,1,13,10,1
荣昌区,荣昌区畜牧发展中心（参照）,畜牧管理3,1,6,5,1
荣昌区,荣昌区畜牧发展中心（参照）,畜牧管理4,1,7,4,2
荣昌区,荣昌区畜牧发展中心（参照）,畜牧管理5,1,3,3,0
荣昌区,荣昌区农村经营管理站（参照）,农业经济1,1,8,5,2
荣昌区,荣昌区农村经营管理站（参照）,农业经济2,1,6,4,1
荣昌区,荣昌区旅游发展中心（参照）,综合管理,1,19,13,4
荣昌区,荣昌区应急救援中心（参照）,综合管理,1,9,8,2
荣昌区,荣昌区林业种苗站（参照）,综合管理,1,7,4,2
荣昌区,荣昌区行政服务中心（参照）,财务管理,1,9,4,3
荣昌区,荣昌区供销合作社（参照）,综合管理,1,2,0,0
荣昌区,共青团荣昌区委（参照）,财务管理,1,6,1,1
荣昌区,荣昌区生态环境保护综合行政执法支队（参照）,生态执法,1,7,5,1
荣昌区,荣昌区城市管理综合行政执法支队（参照）,城管执法,2,10,4,2
荣昌区,荣昌区交通运输综合行政执法支队（参照）,交通运输执法1,3,9,8,2
荣昌区,荣昌区交通运输综合行政执法支队（参照）,交通运输执法2,1,6,3,1
荣昌区,荣昌区农业综合行政执法支队（参照）,农业执法1,2,8,8,2
荣昌区,荣昌区农业综合行政执法支队（参照）,农业执法2,2,7,7,4
荣昌区,荣昌区文化市场综合行政执法支队（参照）,文化执法,1,4,3,1
荣昌区,荣昌区公安局,基层执法勤务1,2,1,1,0
荣昌区,荣昌区公安局,基层执法勤务2,2,4,2,1
荣昌区,荣昌区公安局,基层执法勤务3,2,0,0,0
荣昌区,荣昌区公安局,基层执法勤务4,2,6,6,0
荣昌区,荣昌区公安局,基层执法勤务5,2,3,1,0
荣昌区,荣昌区公安局,基层执法勤务6,1,19,13,3
开州区,开州区乡镇机关,综合管理职位1,6,60,0,0
开州区,开州区乡镇机关,综合管理职位2,6,34,0,0
开州区,开州区乡镇机关,综合管理职位3,4,27,0,0
开州区,开州区乡镇机关,综合管理职位4,4,12,0,0
开州区,开州区乡镇机关,综合管理职位5,3,5,0,0
开州区,开州区乡镇机关,综合管理职位6,3,11,0,0
开州区,开州区乡镇机关,综合管理职位7,3,6,0,0
开州区,开州区乡镇机关,综合管理职位8,3,6,0,0
开州区,开州区乡镇机关,综合管理职位9,6,17,0,0
开州区,开州区乡镇机关,综合管理职位10,6,4,0,0
开州区,开州区乡镇机关,综合管理职位11,5,39,0,0
开州区,开州区乡镇机关,综合管理职位12,2,49,0,0
开州区,开州区街道机关,综合管理职位1,5,36,0,0
开州区,开州区街道机关,综合管理职位2,5,28,0,0
开州区,开州区街道机关,综合管理职位3,5,20,0,0
开州区,开州区街道机关,综合管理职位4,5,5,0,0
开州区,开州区监委派出监察室,纪检监察职位1,1,2,0,0
开州区,开州区监委派出监察室,纪检监察职位2,1,7,0,0
开州区,开州区委党校（参照）,综合管理,1,7,0,0
开州区,共青团开州区委员会（参照）,综合管理,1,8,0,0
开州区,开州区残联（参照）,综合管理,1,9,0,0
开州区,开州区计生协会（参照）,综合管理,1,5,0,0
开州区,开州区发展改革委,综合管理,1,0,0,0
开州区,开州区民政局,综合管理,1,11,0,0
开州区,开州区司法局,司法助理职位1,1,5,0,0
开州区,开州区司法局,司法助理职位2,1,1,0,0
开州区,开州区司法局,司法助理职位3,1,2,0,0
开州区,开州区规划自然资源局,综合管理职位1,1,9,0,0
开州区,开州区规划自然资源局,综合管理职位2,1,2,0,0
开州区,开州区水利局,水利管理,1,6,0,0
开州区,开州区商务委,综合管理,1,3,0,0
开州区,开州区卫生健康委,综合管理,1,11,0,0
开州区,开州区市场监督管理局,基层市场监管1,1,13,0,0
开州区,开州区市场监督管理局,基层市场监管2,1,6,0,0
开州区,开州区市场监督管理局,基层市场监管3,1,4,0,0
开州区,开州区市场监督管理局,基层行政执法1,1,3,0,0
开州区,开州区市场监督管理局,基层行政执法2,1,2,0,0
开州区,开州区统计局,统计调查,1,1,0,0
开州区,开州高新区管委会,综合管理,1,5,0,0
开州区,开州区供销联社,综合管理,1,3,0,0
开州区,开州区法律援助中心（参照）,法律援助,1,1,0,0
开州区,开州区财政绩效评价和集中收付中心（参照）,财政绩效管理1,1,5,0,0
开州区,开州区财政绩效评价和集中收付中心（参照）,财政绩效管理2,1,8,0,0
开州区,开州区财政绩效评价和集中收付中心（参照）,财政绩效管理3,1,8,0,0
开州区,开州区社会保险事务中心（参照）,综合管理,1,8,0,0
开州区,开州区就业和人才中心（参照）,就业创业服务,1,10,0,0
开州区,开州区劳动人事争议仲裁院（参照）,综合管理,1,2,0,0
开州区,开州区道路运输事务中心（参照）,道路运输管理,2,14,0,0
开州区,开州区道路运输事务中心（参照）,财务管理,1,3,0,0
开州区,开州区农村合作经济经营管理站（参照）,农村经济经营管理,1,9,0,0
开州区,开州区农业开发中心（参照）,项目管理,1,7,0,0
开州区,开州区军队离休退休干部服务管理中心（参照）,综合管理,1,10,0,0
开州区,开州区国有资产服务中心（参照）,综合管理1,1,0,0,0
开州区,开州区国有资产服务中心（参照）,综合管理2,1,2,0,0
开州区,开州区医疗保障事务中心（参照）,待遇保障,1,4,0,0
开州区,开州区森林病虫害防治检疫站（参照）,技术指导1,1,5,0,0
开州区,开州区森林病虫害防治检疫站（参照）,技术指导2,1,3,0,0
开州区,开州区生态环境保护综合行政执法支队（参照）,综合文秘,1,4,0,0
开州区,开州区生态环境保护综合行政执法支队（参照）,生态环境执法职位1,1,2,0,0
开州区,开州区生态环境保护综合行政执法支队（参照）,生态环境执法职位2,1,2,0,0
开州区,开州区城市管理综合行政执法支队（参照）,城管执法职位1,1,8,0,0
开州区,开州区城市管理综合行政执法支队（参照）,城管执法职位2,2,3,0,0
开州区,开州区农业综合行政执法支队（参照）,农业农村执法职位1,1,8,0,0
开州区,开州区农业综合行政执法支队（参照）,农业农村执法职位2,1,1,0,0
开州区,开州区农业综合行政执法支队（参照）,农业农村执法职位3,1,5,0,0
开州区,开州区文化市场综合行政执法支队（参照）,文化执法职位1,1,6,0,0
开州区,开州区文化市场综合行政执法支队（参照）,文化执法职位2,1,9,0,0
开州区,开州区应急管理综合行政执法支队（参照）,应急管理执法职位,1,6,0,0
开州区,开州区公安局,基层执法勤务职位1,1,4,0,0
开州区,开州区公安局,基层执法勤务职位2,3,5,0,0
开州区,开州区公安局,基层执法勤务职位3,1,6,0,0
开州区,开州区公安局,基层执法勤务职位4,2,1,0,0
开州区,开州区公安局,基层执法勤务职位,1,4,0,0
开州区,开州区公安局,基层执法勤务职位（金融财会）,2,2,0,0
开州区,开州区公安局,基层执法勤务职位（网络安全管理）,2,9,0,0
开州区,开州区公安局,基层警务技术职位（法医）,2,3,0,0
开州区,开州区公安局,基层警务技术职位（物证检验及鉴定）,1,4,0,0
梁平区,梁平区乡镇机关,综合管理1,2,16,10,1
梁平区,梁平区乡镇机关,综合管理2,2,38,26,2
梁平区,梁平区乡镇机关,综合管理3,2,11,8,1
梁平区,梁平区乡镇机关,综合管理4,2,6,2,1
梁平区,梁平区双桂街道办事处,综合管理,1,18,16,3
梁平区,梁平区纪委监委,纪检监察1,3,13,11,3
梁平区,梁平区纪委监委,纪检监察2,2,7,6,1
梁平区,梁平区教委,综合管理1,1,36,26,7
梁平区,梁平区教委,综合管理2,1,12,6,2
梁平区,梁平区司法局,法治建设,1,0,0,0
梁平区,梁平区住房和城乡建设委员会,综合管理,1,3,1,1
梁平区,梁平区交通运输委,综合管理,2,8,5,0
梁平区,梁平区农业农村委,中药材管理,1,16,11,3
梁平区,梁平区农业农村委,综合管理,1,7,7,3
梁平区,梁平区文化旅游委,综合管理,1,30,19,6
梁平区,梁平区市场监督管理局,基层药品监管,1,8,4,2
梁平区,梁平区市场监督管理局,基层食品监管,1,10,3,1
梁平区,梁平区市场监督管理局,基层特种设备监管,1,10,7,3
梁平区,梁平区市场监督管理局,基层知识产权,1,0,0,0
梁平区,梁平区科学技术协会（参照）,财务管理,1,7,3,2
梁平区,梁平区民政局婚姻登记处（参照）,综合管理1,1,4,2,0
梁平区,梁平区民政局婚姻登记处（参照）,综合管理2,1,7,3,2
梁平区,梁平区救助管理站（参照）,综合管理,1,3,3,0
梁平区,梁平区财务结算中心（参照）,预算管理1,1,4,2,1
梁平区,梁平区财务结算中心（参照）,预算管理2,1,4,4,2
梁平区,梁平区财务结算中心（参照）,预算管理3,1,3,2,0
梁平区,梁平区财务结算中心（参照）,预算管理4,1,4,2,1
梁平区,梁平区财务结算中心（参照）,预算管理5,1,1,0,0
梁平区,梁平区国库集中支付中心（参照）,财务管理,1,3,3,0
梁平区,梁平区就业和人才中心（参照）,财务管理,1,8,2,0
梁平区,梁平区社会保险事务中心（参照）,工伤待遇管理,1,1,1,0
梁平区,梁平区社会保险事务中心（参照）,综合管理1,1,2,1,0
梁平区,梁平区社会保险事务中心（参照）,综合管理2,1,25,15,6
梁平区,梁平区劳动人事争议仲裁院（参照）,劳动保障监察1,1,5,3,1
梁平区,梁平区劳动人事争议仲裁院（参照）,劳动保障监察2,1,4,1,0
梁平区,梁平区劳动人事争议仲裁院（参照）,财务管理,1,5,2,1
梁平区,梁平区人口和计划生育药具管理中心（参照）,综合管理,1,0,0,0
梁平区,梁平区社会经济调查队（参照）,综合管理,1,3,3,2
梁平区,梁平区医疗保障事务中心（参照）,基金监管,1,5,3,0
梁平区,梁平区城市管理综合行政执法支队（参照）,城市管理执法1,2,6,4,1
梁平区,梁平区城市管理综合行政执法支队（参照）,城市管理执法2,2,11,6,2
梁平区,梁平区城市管理综合行政执法支队（参照）,城市管理执法3,1,2,0,0
梁平区,梁平区交通运输综合行政执法支队（参照）,交通运输执法1,1,7,4,2
梁平区,梁平区交通运输综合行政执法支队（参照）,交通运输执法2,1,5,4,0
梁平区,梁平区农业综合行政执法支队（参照）,种养殖执法1,1,5,4,2
梁平区,梁平区农业综合行政执法支队（参照）,种养殖执法2,1,6,5,1
梁平区,梁平区农业综合行政执法支队（参照）,农业机械执法,1,6,3,1
梁平区,梁平区农业综合行政执法支队（参照）,综合管理,1,0,0,0
梁平区,梁平区应急管理综合行政执法支队（参照）,应急执法,1,4,2,0
梁平区,梁平区文化市场综合行政执法支队（参照）,文化执法,2,25,14,5
梁平区,梁平区公安局,基层执法勤务1,4,5,4,0
梁平区,梁平区公安局,基层执法勤务2,1,7,1,0
梁平区,梁平区公安局,基层执法勤务3,1,7,1,1
梁平区,梁平区公安局,基层警务技术（网络安全管理）,3,16,6,1
武隆区,武隆区江口镇人民政府,综合管理,1,17,7,4
武隆区,武隆区凤山街道办事处,综合管理,1,14,3,1
武隆区,武隆区仙女山街道办事处,基层党建,1,14,8,1
武隆区,武隆区监委派出监察室,纪检监察1,1,2,1,0
武隆区,武隆区监委派出监察室,纪检监察2,1,1,0,0
武隆区,武隆区委办公室,综合管理,1,1,0,0
武隆区,武隆区委统战部,综合管理,1,1,1,0
武隆区,武隆区委社会工作部,综合管理,1,7,3,2
武隆区,武隆区委巡察办,纪检监察,1,0,0,0
武隆区,武隆区仙女山旅游度假区管理委员会,综合管理,1,11,1,1
武隆区,武隆区发展改革委,工程管理1,1,7,3,0
武隆区,武隆区发展改革委,工程管理2,1,4,2,0
武隆区,武隆区民政局,综合管理,1,6,0,0
武隆区,武隆区司法局,司法助理员1,2,8,3,1
武隆区,武隆区司法局,司法助理员2,2,5,0,0
武隆区,武隆区司法局,司法助理员3,1,3,2,0
武隆区,武隆区农业农村委,乡村旅游设计,1,19,4,0
武隆区,武隆区农业农村委,农产品质量安全管理,1,6,3,0
武隆区,武隆区商务委,综合管理,1,11,3,2
武隆区,武隆区应急管理局,信息宣传,1,5,1,0
武隆区,武隆区市场监管局,特种设备监管1,1,11,3,1
武隆区,武隆区市场监管局,特种设备监管2,1,3,0,0
武隆区,武隆区市场监管局,食药品监管1,1,7,2,1
武隆区,武隆区市场监管局,食药品监管2,1,7,1,1
武隆区,武隆区市场监管局,市场监管1,1,4,3,2
武隆区,武隆区市场监管局,市场监管2,1,3,1,1
武隆区,武隆区市场监管局,市场监管3,1,7,1,0
武隆区,武隆区侨联（参照）,财务管理,1,6,2,2
武隆区,共青团武隆区委员会（参照）,综合管理,1,3,1,1
武隆区,武隆区供销合作社（参照）,企业（财务）管理,1,2,2,1
武隆区,武隆区社会保险事务中心（参照）,信息管理,1,2,1,0
武隆区,武隆区城乡居民最低生活保障中心（参照）,综合管理,1,1,1,0
武隆区,武隆区财政国库支付中心（参照）,支付管理1,1,2,0,0
武隆区,武隆区财政国库支付中心（参照）,支付管理2,1,3,1,0
武隆区,武隆区乡镇财政管理中心（参照）,财务管理1,1,3,1,0
武隆区,武隆区乡镇财政管理中心（参照）,财务管理2,2,3,0,0
武隆区,武隆区乡镇财政管理中心（参照）,财务管理3,2,5,2,1
武隆区,武隆区道路运输管理处（参照）,综合管理1,1,3,2,2
武隆区,武隆区道路运输管理处（参照）,综合管理2,1,1,0,0
武隆区,武隆区农村合作经济管理站（参照）,农业经济管理,1,3,0,0
武隆区,武隆区军队离退休干部管理服务中心（参照）,综合管理,1,6,3,3
武隆区,武隆区国资管理中心（参照）,综合管理,2,14,6,2
武隆区,武隆区森林病虫害防治检疫站（参照）,综合管理,1,4,3,3
武隆区,武隆区生态环境保护综合行政执法支队（参照）,行政执法,1,0,0,0
武隆区,武隆区城市管理综合行政执法支队（参照）,行政执法1,1,0,0,0
武隆区,武隆区城市管理综合行政执法支队（参照）,行政执法2,1,1,0,0
武隆区,武隆区城市管理综合行政执法支队（参照）,行政执法3,1,8,5,3
武隆区,武隆区城市管理综合行政执法支队（参照）,行政执法4,1,3,2,0
武隆区,武隆区交通运输综合行政执法支队（参照）,行政执法1,1,5,3,1
武隆区,武隆区交通运输综合行政执法支队（参照）,行政执法2,1,0,0,0
武隆区,武隆区交通运输综合行政执法支队（参照）,行政执法3,1,0,0,0
武隆区,武隆区农业综合行政执法支队（参照）,农业执法1,3,30,18,4
武隆区,武隆区农业综合行政执法支队（参照）,农业执法2,1,6,4,3
武隆区,武隆区公安局,基层执法勤务1,1,16,2,1
武隆区,武隆区公安局,基层执法勤务2,1,0,0,0
武隆区,武隆区公安局,基层执法勤务3,1,1,1,0
武隆区,武隆区公安局,基层执法勤务4,1,3,1,1
武隆区,武隆区公安局,基层执法勤务5,1,4,2,2
武隆区,武隆区公安局,基层执法勤务6,1,0,0,0
万盛经开区,万盛经开区党工委政法委,综合管理1,1,2,2,0
万盛经开区,万盛经开区党工委政法委,综合管理2,1,4,2,0
万盛经开区,万盛经开区科学技术协会（参照）,综合管理,1,6,2,0
万盛经开区,万盛经开区国库集中收付中心（参照）,财政管理1,1,2,1,0
万盛经开区,万盛经开区国库集中收付中心（参照）,财政管理2,1,1,1,1
万盛经开区,万盛经开区国库集中收付中心（参照）,财政管理3,1,3,1,1
万盛经开区,万盛经开区国库集中收付中心（参照）,财政管理4,1,1,1,1
万盛经开区,万盛经开区医疗保障事务中心（参照）,监管审核,1,4,3,1
万盛经开区,万盛经开区社会保险事务中心（参照）,财务管理,1,3,2,0
万盛经开区,万盛经开区创业就业和人才中心（参照）,综合管理1,1,3,0,0
万盛经开区,万盛经开区创业就业和人才中心（参照）,综合管理2,1,4,0,0
万盛经开区,万盛经开区建筑施工安全站（参照）,综合管理1,1,0,0,0
万盛经开区,万盛经开区建筑施工安全站（参照）,综合管理2,1,1,0,0
万盛经开区,万盛经开区建筑施工安全站（参照）,法务1,1,1,1,0
万盛经开区,万盛经开区建筑施工安全站（参照）,法务2,1,1,0,0
万盛经开区,万盛经开区军队离休退休干部服务中心（参照）,综合管理,1,3,0,0
万盛经开区,万盛经开区社会经济调查队（参照）,统计调查,1,1,0,0
万盛经开区,万盛经开区机关事务中心（参照）,综合管理,1,1,1,0
万盛经开区,万盛经开区总工会（参照）,综合管理1,1,8,2,0
万盛经开区,万盛经开区总工会（参照）,综合管理2,1,12,4,2
万盛经开区,共青团万盛经开区委员会（参照）,综合管理,1,3,2,1
万盛经开区,万盛经开区生态环境保护综合行政执法支队（参照）,生态环境执法,1,12,7,1
万盛经开区,万盛经开区城市管理综合行政执法支队（参照）,城市管理执法1,1,0,0,0
万盛经开区,万盛经开区城市管理综合行政执法支队（参照）,城市管理执法2,1,2,2,1
万盛经开区,万盛经开区城市管理综合行政执法支队（参照）,城市管理执法3,1,5,2,1
万盛经开区,万盛经开区城市管理综合行政执法支队（参照）,城市管理执法4,1,0,0,0
万盛经开区,万盛经开区城市管理综合行政执法支队（参照）,城市管理执法5,1,6,1,0
万盛经开区,万盛经开区城市管理综合行政执法支队（参照）,城市管理执法6,1,0,0,0
万盛经开区,万盛经开区交通运输综合行政执法支队（参照）,交通运输执法1,1,1,1,1
万盛经开区,万盛经开区交通运输综合行政执法支队（参照）,交通运输执法2,1,9,4,1
万盛经开区,万盛经开区农业综合行政执法支队（参照）,农业执法,1,0,0,0
万盛经开区,万盛经开区应急管理综合行政执法支队（参照）,应急执法,1,3,2,1
城口县,城口县街道机关,综合管理1,1,4,1,0
城口县,城口县街道机关,综合管理2,1,6,0,0
城口县,城口县高楠镇人民政府,综合管理,1,68,13,8
城口县,城口县明中乡人民政府,综合管理,1,64,2,2
城口县,城口县纪委监委,执纪执法1,1,6,1,0
城口县,城口县纪委监委,执纪执法2,1,10,1,1
城口县,城口县纪委监委,综合管理1,1,12,3,1
城口县,城口县纪委监委,综合管理2,1,11,0,0
城口县,城口县民政局,综合管理,1,2,1,0
城口县,城口县司法局,基层司法助理员1,1,2,2,0
城口县,城口县司法局,基层司法助理员2,1,3,3,1
城口县,城口县司法局,司法行政,1,2,0,0
城口县,城口县水利局,综合管理,1,3,2,0
城口县,城口县农业农村委,综合管理1,1,1,1,0
城口县,城口县农业农村委,综合管理2,1,2,0,0
城口县,城口县商务委,综合管理,1,17,12,2
城口县,城口县应急管理局,综合管理,1,1,1,0
城口县,城口县林业局,综合管理,1,1,0,0
城口县,城口县行政事务管理中心（参照）,综合管理,1,16,5,2
城口县,城口县委组织部党员教育中心（参照）,综合管理1,1,3,2,1
城口县,城口县委组织部党员教育中心（参照）,综合管理2,1,3,2,0
城口县,城口县最低生活保障事业管理中心（参照）,综合管理,1,2,0,0
城口县,城口县国有资产管理中心（参照）,综合管理1,1,5,0,0
城口县,城口县国有资产管理中心（参照）,综合管理2,1,5,2,1
城口县,城口县社会保险事务中心（参照）,财务管理,1,4,0,0
城口县,城口县社会保险事务中心（参照）,综合管理,1,2,0,0
城口县,城口县医疗保障服务中心（参照）,综合管理1,1,5,1,1
城口县,城口县医疗保障服务中心（参照）,综合管理2,1,1,0,0
城口县,城口县森林病虫害防治检疫站（参照）,综合管理,1,2,0,0
城口县,城口县天然林保护中心（参照）,综合管理1,1,4,0,0
城口县,城口县天然林保护中心（参照）,综合管理2,1,7,1,0
城口县,城口县生态环境保护综合行政执法支队（参照）,生态执法1,1,1,0,0
城口县,城口县生态环境保护综合行政执法支队（参照）,生态执法2,1,5,0,0
城口县,城口县生态环境保护综合行政执法支队（参照）,生态执法3,1,3,0,0
城口县,城口县城市管理综合行政执法支队（参照）,行政执法1,1,2,2,1
城口县,城口县城市管理综合行政执法支队（参照）,行政执法2,1,4,0,0
城口县,城口县城市管理综合行政执法支队（参照）,行政执法3,1,9,1,0
城口县,城口县城市管理综合行政执法支队（参照）,综合管理,2,22,2,1
城口县,城口县交通运输综合行政执法支队（参照）,综合管理,1,14,6,1
城口县,城口县应急管理综合行政执法支队（参照）,综合管理,1,4,1,0
城口县,城口县公安局,基层执法勤务1,1,2,0,0
城口县,城口县公安局,基层执法勤务2,1,0,0,0
城口县,城口县公安局,基层执法勤务3,1,1,1,0
城口县,城口县公安局,基层执法勤务4,2,12,2,0
丰都县,丰都县乡镇机关,专职武装干事,3,100,1,1
丰都县,丰都县乡镇机关,综合管理1,3,19,0,0
丰都县,丰都县乡镇机关,综合管理2,3,13,0,0
丰都县,丰都县乡镇机关,综合管理3,2,12,0,0
丰都县,丰都县乡镇机关,综合管理4,2,9,0,0
丰都县,丰都县乡镇机关,综合管理5,2,16,0,0
丰都县,丰都县乡镇机关,综合管理6,2,10,0,0
丰都县,丰都县乡镇机关,综合管理7,1,8,0,0
丰都县,丰都县乡镇机关,综合管理8,1,1,0,0
丰都县,丰都县三合街道办事处,综合管理1,1,3,0,0
丰都县,丰都县三合街道办事处,综合管理2,1,1,0,0
丰都县,丰都县名山街道办事处,综合管理1,1,3,0,0
丰都县,丰都县名山街道办事处,综合管理2,1,5,0,0
丰都县,丰都县名山街道办事处,综合管理3,1,21,4,0
丰都县,丰都县纪委监委,纪检监察1,2,7,4,2
丰都县,丰都县纪委监委,纪检监察2,2,4,1,1
丰都县,丰都县纪委监委,纪检监察3,1,0,0,0
丰都县,丰都县财政局,财务管理,1,14,1,1
丰都县,丰都县教育委员会,综合管理1,1,15,2,2
丰都县,丰都县教育委员会,综合管理2,1,20,3,1
丰都县,丰都县司法局,基层司法助理1,1,1,0,0
丰都县,丰都县司法局,基层司法助理2,1,3,1,0
丰都县,丰都县供销合作社联合社（参照）,综合管理1,1,11,2,0
丰都县,丰都县供销合作社联合社（参照）,综合管理2,1,17,5,2
丰都县,丰都县供销合作社联合社（参照）,财务管理,1,8,1,0
丰都县,丰都县红十字会（参照）,综合管理,1,6,1,0
丰都县,丰都县归国华侨联合会（参照）,综合管理1,1,7,2,0
丰都县,丰都县归国华侨联合会（参照）,综合管理2,1,14,3,1
丰都县,丰都县社会科学界联合会（参照）,综合管理,1,13,0,0
丰都县,丰都县市场监督管理局,综合执法1,3,22,1,1
丰都县,丰都县市场监督管理局,综合执法2,3,24,1,0
丰都县,丰都县市场监督管理局,综合执法3,2,30,4,1
丰都县,丰都县市场监督管理局,综合执法4,2,5,0,0
丰都县,丰都县市场监督管理局,综合执法5,1,8,0,0
丰都县,丰都县市场监督管理局,综合执法6,1,12,0,0
丰都县,丰都县市场监督管理局,综合执法7,1,12,1,1
丰都县,丰都县城市管理综合行政执法支队（参照）,综合执法1,1,5,0,0
丰都县,丰都县城市管理综合行政执法支队（参照）,综合执法2,1,1,0,0
丰都县,丰都县农业综合行政执法支队（参照）,财务管理1,1,3,0,0
丰都县,丰都县农业综合行政执法支队（参照）,财务管理2,1,4,1,1
丰都县,丰都县农业综合行政执法支队（参照）,综合执法,1,7,0,0
丰都县,丰都县生态环境保护综合行政执法支队（参照）,综合执法,1,8,1,1
丰都县,丰都县公安局,基层执法勤务1,2,17,3,2
丰都县,丰都县公安局,基层执法勤务2,6,35,2,1
丰都县,丰都县公安局,基层执法勤务3,1,5,0,0
垫江县,垫江县曹回镇人民政府,综合管理,1,3,1,1
垫江县,垫江县周嘉镇人民政府,综合管理1,1,20,11,3
垫江县,垫江县周嘉镇人民政府,综合管理2,1,1,0,0
垫江县,垫江县普顺镇人民政府,综合管理1,1,9,1,0
垫江县,垫江县普顺镇人民政府,综合管理2,1,4,1,0
垫江县,垫江县永安镇人民政府,综合管理1,1,3,0,0
垫江县,垫江县永安镇人民政府,综合管理2,1,19,3,3
垫江县,垫江县杠家镇人民政府,综合管理岗1,1,8,1,0
垫江县,垫江县杠家镇人民政府,综合管理岗2,1,11,3,1
垫江县,垫江县杠家镇人民政府,综合管理岗3,1,5,0,0
垫江县,垫江县大石乡人民政府,综合管理1,1,15,7,3
垫江县,垫江县大石乡人民政府,综合管理2,1,6,1,0
垫江县,垫江县五洞镇人民政府,综合管理,1,1,0,0
垫江县,垫江县高峰镇人民政府,综合管理,1,5,2,1
垫江县,垫江县砚台镇人民政府,综合管理,1,1,0,0
垫江县,垫江县白家镇人民政府,综合管理,1,6,1,0
垫江县,垫江县坪山镇人民政府,综合管理,1,4,1,0
垫江县,垫江县永平镇人民政府,综合管理,1,0,0,0
垫江县,垫江县澄溪街道办事处,综合管理1,1,3,1,1
垫江县,垫江县澄溪街道办事处,综合管理2,1,4,2,2
垫江县,垫江县澄溪街道办事处,综合管理3,1,4,1,1
垫江县,垫江县桂东街道办事处,综合管理1,1,13,3,0
垫江县,垫江县桂东街道办事处,综合管理2,1,7,3,1
垫江县,垫江县桂东街道办事处,综合管理3,1,1,1,0
垫江县,垫江县纪委监委,纪检监察1,1,1,1,0
垫江县,垫江县纪委监委,纪检监察2,1,4,2,0
垫江县,垫江县纪委监委,信息管理,1,8,3,0
垫江县,垫江县纪委监委,监察调查,1,0,0,0
垫江县,垫江县委组织部,综合管理1,1,4,2,0
垫江县,垫江县委组织部,综合管理2,1,6,5,1
垫江县,垫江县委宣传部,综合管理,1,3,0,0
垫江县,垫江县委统战部,综合管理,1,3,0,0
垫江县,垫江县发展改革委,综合管理,1,2,1,0
垫江县,垫江县经济信息委,综合管理,1,9,0,0
垫江县,垫江县司法局,司法助理员1,1,4,0,0
垫江县,垫江县司法局,司法助理员2,1,2,0,0
垫江县,垫江县司法局,司法助理员3,1,0,0,0
垫江县,垫江县水利局,综合管理,1,4,0,0
垫江县,垫江县文化旅游委,综合管理,1,40,5,1
垫江县,垫江县卫生健康委,综合管理1,1,3,0,0
垫江县,垫江县卫生健康委,综合管理2,1,3,0,0
垫江县,垫江县市场监督管理局,行政执法1,1,0,0,0
垫江县,垫江县市场监督管理局,行政执法2,1,0,0,0
垫江县,垫江县市场监督管理局,行政执法3,1,4,1,1
垫江县,垫江县市场监督管理局,行政执法4,1,11,5,2
垫江县,垫江县市场监督管理局,行政执法5,1,16,4,0
垫江县,垫江县市场监督管理局,行政执法6,1,3,0,0
垫江县,垫江县市场监督管理局,行政执法7,1,2,1,1
垫江县,垫江县市场监督管理局,行政执法8,1,7,3,2
垫江县,垫江县委党校（参照）,综合管理,1,2,0,0
垫江县,垫江县档案馆（参照）,综合管理1,1,5,0,0
垫江县,垫江县档案馆（参照）,综合管理2,1,8,3,1
垫江县,垫江县法学会（参照）,综合管理,1,1,0,0
垫江县,垫江县公共资源交易中心（参照）,综合管理,1,13,1,0
垫江县,垫江县救助管理站（参照）,综合管理,1,0,0,0
垫江县,垫江县法律援助中心（参照）,综合管理,1,4,0,0
垫江县,垫江县会计管理核算中心（参照）,综合管理1,1,8,5,3
垫江县,垫江县会计管理核算中心（参照）,综合管理2,1,6,4,1
垫江县,垫江县财政投资评审中心（参照）,综合管理,1,10,4,1
垫江县,垫江县国有资产管理服务中心（参照）,综合管理,1,5,2,1
垫江县,垫江县劳动人事争议仲裁院（参照）,综合管理1,1,1,1,0
垫江县,垫江县劳动人事争议仲裁院（参照）,综合管理2,1,2,0,0
垫江县,垫江县就业和人才中心（参照）,综合管理1,1,6,3,2
垫江县,垫江县就业和人才中心（参照）,综合管理2,1,13,2,1
垫江县,垫江县医疗保障事务中心（参照）,综合管理,1,6,0,0
垫江县,垫江县林木种苗管理站（参照）,综合管理1,1,5,0,0
垫江县,垫江县林木种苗管理站（参照）,综合管理2,1,0,0,0
垫江县,垫江县农村经营管理服务站（参照）,综合管理,1,4,3,0
垫江县,垫江县农机安全监理站（参照）,综合管理,1,10,0,0
垫江县,垫江县生态环境保护综合行政执法支队（参照）,行政执法1,1,0,0,0
垫江县,垫江县生态环境保护综合行政执法支队（参照）,行政执法2,1,0,0,0
垫江县,垫江县城市管理综合行政执法支队（参照）,行政执法1,1,2,1,0
垫江县,垫江县城市管理综合行政执法支队（参照）,行政执法2,1,3,0,0
垫江县,垫江县城市管理综合行政执法支队（参照）,行政执法3,1,5,2,0
垫江县,垫江县城市管理综合行政执法支队（参照）,行政执法4,1,7,2,1
垫江县,垫江县交通运输综合行政执法支队（参照）,行政执法1,1,7,5,1
垫江县,垫江县交通运输综合行政执法支队（参照）,行政执法2,1,0,0,0
垫江县,垫江县交通运输综合行政执法支队（参照）,行政执法3,1,2,1,0
垫江县,垫江县交通运输综合行政执法支队（参照）,行政执法4,1,3,1,0
垫江县,垫江县农业综合行政执法支队（参照）,行政执法1,1,2,0,0
垫江县,垫江县农业综合行政执法支队（参照）,行政执法2,1,1,1,1
垫江县,垫江县应急管理综合行政执法支队（参照）,行政执法1,1,10,7,3
垫江县,垫江县应急管理综合行政执法支队（参照）,行政执法2,1,0,0,0
垫江县,垫江县公安局,基层执法勤务1,4,18,6,2
垫江县,垫江县公安局,基层执法勤务2,2,5,0,0
垫江县,垫江县公安局,基层执法勤务3,2,4,1,0
垫江县,垫江县公安局,基层执法勤务4,1,10,5,1
垫江县,垫江县公安局,基层执法勤务5,1,4,1,0
垫江县,垫江县公安局,基层执法勤务6,2,14,7,5
忠县,忠县乡镇机关,综合管理职位1,2,12,2,0
忠县,忠县乡镇机关,综合管理职位2,2,8,1,1
忠县,忠县乡镇机关,综合管理职位3,2,19,0,0
忠县,忠县乡镇机关,综合管理职位4,2,5,0,0
忠县,忠县乡镇机关,综合管理职位5,2,28,2,0
忠县,忠县乡镇机关,综合管理职位6,2,13,1,0
忠县,忠县乡镇机关,综合管理职位7,1,3,0,0
忠县,忠县乡镇机关,综合管理职位8,1,2,1,0
忠县,忠县乡镇机关,综合管理职位9,3,12,0,0
忠县,忠县乡镇机关,综合管理职位10,3,15,0,0
忠县,忠县乡镇机关,综合管理职位11,2,62,0,0
忠县,忠县乡镇机关,财务管理职位1,3,14,0,0
忠县,忠县乡镇机关,财务管理职位2,3,8,0,0
忠县,忠县忠州街道办事处,综合管理职位1,1,8,1,0
忠县,忠县忠州街道办事处,综合管理职位2,1,2,0,0
忠县,忠县忠州街道办事处,综合管理职位3,1,5,3,0
忠县,忠县忠州街道办事处,综合管理职位4,1,1,1,0
忠县,忠县忠州街道办事处,综合管理职位5,2,19,4,0
忠县,忠县白公街道办事处,综合管理职位1,1,2,0,0
忠县,忠县白公街道办事处,综合管理职位2,1,2,0,0
忠县,忠县白公街道办事处,财务管理职位,1,1,0,0
忠县,忠县乌杨街道办事处,综合管理职位1,2,16,0,0
忠县,忠县乌杨街道办事处,综合管理职位2,2,13,0,0
忠县,忠县乌杨街道办事处,综合管理职位3,1,3,0,0
忠县,忠县乌杨街道办事处,财务管理职位,1,0,0,0
忠县,忠县纪委监委,综合管理职位1,2,5,0,0
忠县,忠县纪委监委,综合管理职位2,2,4,0,0
忠县,忠县纪委监委,综合管理职位3,1,1,1,0
忠县,中共忠县县委宣传部,综合管理职位1,1,5,0,0
忠县,中共忠县县委宣传部,综合管理职位2,1,8,0,0
忠县,忠县教育委员会,综合管理职位1,1,11,0,0
忠县,忠县教育委员会,综合管理职位2,1,5,0,0
忠县,忠县民政局,综合管理职位,1,5,0,0
忠县,忠县司法局,司法助理员职位1,1,2,0,0
忠县,忠县司法局,司法助理员职位2,1,0,0,0
忠县,忠县司法局,司法助理员职位3,1,0,0,0
忠县,忠县财政局,财务管理职位1,1,3,0,0
忠县,忠县财政局,财务管理职位2,1,2,0,0
忠县,忠县科学技术局,综合管理职位,1,7,0,0
忠县,忠县规划和自然资源局,综合管理职位1,1,26,0,0
忠县,忠县规划和自然资源局,综合管理职位2,1,7,0,0
忠县,忠县规划和自然资源局,综合管理职位3,1,2,0,0
忠县,忠县规划和自然资源局,综合管理职位4,1,4,0,0
忠县,忠县规划和自然资源局,综合管理职位5,1,8,0,0
忠县,忠县住房和城乡建设委员会,综合管理职位,1,10,0,0
忠县,忠县水利局,法制审核职位,1,0,0,0
忠县,忠县水利局,综合管理职位,1,13,4,1
忠县,忠县农业农村委员会,综合管理职位,1,4,3,0
忠县,忠县商务委员会,综合管理职位,1,7,1,0
忠县,忠县林业局,综合管理职位,1,3,2,0
忠县,忠县市场监督管理局,基层监管执法职位1,1,4,0,0
忠县,忠县市场监督管理局,基层监管执法职位2,1,2,0,0
忠县,忠县市场监督管理局,基层监管执法职位3,1,10,0,0
忠县,忠县市场监督管理局,基层监管执法职位4,1,5,0,0
忠县,忠县市场监督管理局,基层监管执法职位5,1,4,0,0
忠县,忠县市场监督管理局,基层监管执法职位6,1,2,0,0
忠县,忠县党史和地方志研究室（参照）,综合管理职位,1,5,0,0
忠县,忠县总工会（参照）,综合管理职位,1,2,1,0
忠县,忠县科学技术协会（参照）,综合管理职位,1,4,0,0
忠县,忠县文学艺术界联合会（参照）,综合管理职位,1,13,0,0
忠县,忠县计划生育协会（参照）,综合管理职位,1,3,0,0
忠县,忠县政务事务中心（参照）,财务管理职位,1,2,0,0
忠县,忠县非税收入征收中心（参照）,财务管理职位1,1,1,0,0
忠县,忠县非税收入征收中心（参照）,财务管理职位2,1,4,0,0
忠县,忠县会计集中核算中心（参照）,财务管理职位,1,1,0,0
忠县,忠县社会保险事务中心（参照）,综合管理职位1,1,6,0,0
忠县,忠县社会保险事务中心（参照）,综合管理职位2,1,7,0,0
忠县,忠县就业和人才中心（参照）,财务管理职位1,1,1,0,0
忠县,忠县就业和人才中心（参照）,财务管理职位2,1,1,0,0
忠县,忠县城市建设促进中心（参照）,综合管理职位,1,2,0,0
忠县,忠县农村经济经营管理站（参照）,综合管理职位,1,1,0,0
忠县,忠县果业发展中心（参照）,果树管理职位,1,5,0,0
忠县,忠县医疗保障事务中心（参照）,综合管理职位,1,19,0,0
忠县,忠县生态环境保护综合行政执法支队（参照）,行政执法职位1,1,2,0,0
忠县,忠县生态环境保护综合行政执法支队（参照）,行政执法职位2,1,7,0,0
忠县,忠县城市管理综合行政执法支队（参照）,基层执法职位1,1,2,0,0
忠县,忠县城市管理综合行政执法支队（参照）,基层执法职位2,1,4,0,0
忠县,忠县城市管理综合行政执法支队（参照）,基层执法职位3,1,1,0,0
忠县,忠县城市管理综合行政执法支队（参照）,基层执法职位4,1,2,0,0
忠县,忠县交通运输综合行政执法支队（参照）,基层执法职位1,1,2,0,0
忠县,忠县交通运输综合行政执法支队（参照）,基层执法职位2,1,1,0,0
忠县,忠县交通运输综合行政执法支队（参照）,基层执法职位3,1,2,0,0
忠县,忠县交通运输综合行政执法支队（参照）,基层执法职位4,1,1,0,0
忠县,忠县交通运输综合行政执法支队（参照）,基层执法职位5,1,4,0,0
忠县,忠县交通运输综合行政执法支队（参照）,基层执法职位6,1,4,0,0
忠县,忠县农业综合行政执法支队（参照）,农业执法职位,1,2,0,0
忠县,忠县农业综合行政执法支队（参照）,财务管理职位,1,1,0,0
忠县,忠县应急管理综合行政执法支队（参照）,基层执法职位1,1,0,0,0
忠县,忠县应急管理综合行政执法支队（参照）,基层执法职位2,1,2,0,0
云阳县,云阳县江口镇人民政府,信息技术,1,8,0,0
云阳县,云阳县江口镇人民政府,经济发展1,1,10,0,0
云阳县,云阳县江口镇人民政府,经济发展2,1,2,0,0
云阳县,云阳县江口镇人民政府,城乡建设,1,8,0,0
云阳县,云阳县南溪镇人民政府,经济发展1,1,4,0,0
云阳县,云阳县南溪镇人民政府,经济发展2,1,4,0,0
云阳县,云阳县南溪镇人民政府,信息技术,1,5,0,0
云阳县,云阳县凤鸣镇人民政府,经济发展,1,12,0,0
云阳县,云阳县凤鸣镇人民政府,信息技术,1,6,0,0
云阳县,云阳县高阳镇人民政府,经济发展,1,6,0,0
云阳县,云阳县平安镇人民政府,财务管理,1,3,0,0
云阳县,云阳县平安镇人民政府,农业农村,1,4,0,0
云阳县,云阳县宝坪镇人民政府,信息技术,1,3,0,0
云阳县,云阳县沙市镇人民政府,农业农村,1,1,0,0
云阳县,云阳县大阳镇人民政府,信息技术,1,4,0,0
云阳县,云阳县大阳镇人民政府,农业农村,1,2,0,0
云阳县,云阳县故陵镇人民政府,工程建设,1,9,0,0
云阳县,云阳县红狮镇人民政府,经济发展,1,1,0,0
云阳县,云阳县耀灵镇人民政府,城乡建设,1,11,0,0
云阳县,云阳县双土镇人民政府,财务管理,1,1,0,0
云阳县,云阳县云安镇人民政府,财务管理,1,1,0,0
云阳县,云阳县云阳镇人民政府,信息技术,1,1,0,0
云阳县,云阳县新津乡人民政府,财务管理,1,6,0,0
云阳县,云阳县乡镇机关,综合管理1,5,20,0,0
云阳县,云阳县乡镇机关,综合管理2,4,11,0,0
云阳县,云阳县乡镇机关,综合管理3,4,8,0,0
云阳县,云阳县乡镇机关,综合管理4,5,608,0,0
云阳县,云阳县乡镇机关,综合管理5,2,48,0,0
云阳县,云阳县青龙街道办事处,经济发展,1,5,0,0
云阳县,云阳县双江街道办事处,综合管理,1,3,0,0
云阳县,云阳县盘龙街道办事处,信息技术,1,3,0,0
云阳县,云阳县盘龙街道办事处,经济发展,1,4,0,0
云阳县,云阳县人和街道办事处,农业农村,1,4,0,0
云阳县,云阳县人和街道办事处,法治建设,1,4,0,0
云阳县,云阳县黄石街道办事处,环境建设,1,4,0,0
云阳县,云阳县监委派出监察室,监察1,2,5,0,0
云阳县,云阳县监委派出监察室,监察2,2,5,0,0
云阳县,云阳县发展和改革委员会,经济发展1,1,2,0,0
云阳县,云阳县发展和改革委员会,经济发展2,1,1,0,0
云阳县,云阳县发展和改革委员会,项目管理,1,7,0,0
云阳县,云阳县教育委员会,综合管理,1,14,0,0
云阳县,云阳县经济信息委,招商引资,1,2,0,0
云阳县,云阳县财政局,财务管理1,1,3,0,0
云阳县,云阳县财政局,财务管理2,1,8,0,0
云阳县,云阳县财政局,财务管理3,1,5,0,0
云阳县,云阳县人力社保局,综合管理1,1,2,0,0
云阳县,云阳县人力社保局,综合管理2,1,5,0,0
云阳县,云阳县人力社保局,综合管理3,1,15,0,0
云阳县,云阳县住房城乡建委,城乡建设1,1,8,0,0
云阳县,云阳县住房城乡建委,城乡建设2,1,13,0,0
云阳县,云阳县交通运输委,交通运输,1,8,0,0
云阳县,云阳县林业局,综合管理,1,7,0,0
云阳县,云阳县水利局,技术管理1,1,12,0,0
云阳县,云阳县水利局,技术管理2,1,7,0,0
云阳县,云阳县水利局,财务管理,1,3,0,0
云阳县,云阳县农业农村委,农业管理1,1,6,0,0
云阳县,云阳县农业农村委,农业管理2,1,9,0,0
云阳县,云阳县农业农村委,农业管理3,1,3,0,0
云阳县,云阳县文化旅游委,文旅产业发展,1,27,0,0
云阳县,云阳县文化旅游委,文旅推广,1,15,0,0
云阳县,云阳县卫生健康委,财务管理,1,2,0,0
云阳县,云阳工业园区管委会,经济发展1,1,8,0,0
云阳县,云阳工业园区管委会,经济发展2,1,3,0,0
云阳县,云阳工业园区管委会,规划建设,1,0,0,0
云阳县,云阳县市场监管局,基层市场监管1,2,2,0,0
云阳县,云阳县市场监管局,基层市场监管2,2,12,0,0
云阳县,云阳县市场监管局,基层市场监管3,1,1,0,0
云阳县,云阳县市场监管局,基层市场监管4,1,3,0,0
云阳县,云阳县市场监管局,基层市场监管5,1,4,0,0
云阳县,云阳县市场监管局,基层市场监管6,2,8,0,0
云阳县,云阳县市场监管局,基层市场监管7,1,3,0,0
云阳县,云阳县市场监管局,基层市场监管8,1,4,0,0
云阳县,云阳县市场监管局,综合管理,1,4,0,0
云阳县,云阳县市场监管局,综合行政执法,1,0,0,0
云阳县,云阳县司法局,司法行政,1,6,0,0
云阳县,云阳县司法局,财务管理,1,5,0,0
云阳县,云阳县公共资源综合交易管理事务中心（参照）,项目管理,1,1,0,0
云阳县,云阳县殡葬管理所（参照）,综合管理,1,18,0,0
云阳县,云阳县民政局婚姻登记处（参照）,综合管理,1,25,0,0
云阳县,云阳县老龄工作事务中心（参照）,财务管理,1,0,0,0
云阳县,云阳县法律援助中心（参照）,法律援助,1,5,0,0
云阳县,云阳县国资管理服务中心（参照）,综合管理,1,3,0,0
云阳县,云阳县国资管理服务中心（参照）,经济发展1,1,4,0,0
云阳县,云阳县国资管理服务中心（参照）,经济发展2,1,2,0,0
云阳县,云阳县财政国库集中收付中心（参照）,财务管理1,1,2,0,0
云阳县,云阳县财政国库集中收付中心（参照）,财务管理2,1,2,0,0
云阳县,云阳县社会保险事务中心（参照）,综合管理,1,2,0,0
云阳县,云阳县社会保险事务中心（参照）,工伤待遇审批,1,2,0,0
云阳县,云阳县劳动人事争议仲裁院（参照）,综合管理1,1,0,0,0
云阳县,云阳县劳动人事争议仲裁院（参照）,综合管理2,1,3,0,0
云阳县,云阳县医疗保障事务中心（参照）,基金核查,1,9,0,0
云阳县,长江三峡云阳库区水库管理中心（参照）,技术管理1,1,3,0,0
云阳县,长江三峡云阳库区水库管理中心（参照）,技术管理2,1,2,0,0
云阳县,云阳县农业经济管理服务站（参照）,农村土地管理,1,1,0,0
云阳县,云阳县农业经济管理服务站（参照）,农业经济管理,1,5,0,0
云阳县,云阳县交通运输综合行政执法支队（参照）,综合执法,1,1,0,0
云阳县,云阳县交通运输综合行政执法支队（参照）,工程质量监督执法,1,1,0,0
云阳县,云阳县农业综合行政执法支队（参照）,派驻屠宰检疫,2,3,0,0
云阳县,云阳县文化市场综合行政执法支队（参照）,文化行政执法,1,8,0,0
云阳县,云阳县公安局,基层执法勤务1,2,3,0,0
云阳县,云阳县公安局,基层执法勤务2,2,12,0,0
云阳县,云阳县公安局,基层执法勤务3,2,7,0,0
云阳县,云阳县公安局,基层执法勤务4,2,0,0,0
奉节县,奉节县乡镇机关,综合管理1,6,57,17,8
奉节县,奉节县乡镇机关,综合管理2,5,31,9,3
奉节县,奉节县乡镇机关,综合管理3,5,51,21,4
奉节县,奉节县乡镇机关,综合管理4,4,47,18,7
奉节县,奉节县乡镇机关,综合管理5,1,82,3,2
奉节县,奉节县乡镇机关,综合管理6,1,76,0,0
奉节县,奉节县乡镇机关,综合管理7,5,10,1,1
奉节县,奉节县乡镇机关,综合管理8,4,5,1,0
奉节县,奉节县乡镇机关,综合管理9,2,7,0,0
奉节县,奉节县乡镇机关,综合管理10,1,0,0,0
奉节县,奉节县乡镇机关,综合管理11,1,6,0,0
奉节县,奉节县乡镇机关,财务管理1,6,6,2,1
奉节县,奉节县乡镇机关,财务管理2,5,12,5,0
奉节县,奉节县永安街道办事处,综合管理,1,8,2,1
奉节县,奉节县鱼复街道办事处,综合管理,2,30,2,0
奉节县,奉节县夔州街道办事处,综合管理,1,8,0,0
奉节县,奉节县夔门街道办事处,综合管理1,1,1,0,0
奉节县,奉节县夔门街道办事处,综合管理2,1,0,0,0
奉节县,奉节县夔门街道办事处,综合管理3,2,13,0,0
奉节县,奉节县夔门街道办事处,综合管理4,1,9,1,0
奉节县,中共奉节县纪律检查委员会,综合管理1,1,0,0,0
奉节县,中共奉节县纪律检查委员会,综合管理2,1,1,0,0
奉节县,中共奉节县纪律检查委员会,综合管理3,2,6,3,1
奉节县,中共奉节县纪律检查委员会,综合管理4,2,28,3,1
奉节县,奉节县教育委员会,综合管理,1,0,0,0
奉节县,奉节县司法局,司法管理1,1,2,0,0
奉节县,奉节县司法局,司法管理2,1,8,2,0
奉节县,奉节县财政局,综合管理,1,4,0,0
奉节县,奉节县规划和自然资源局,规划管理,1,6,1,1
奉节县,奉节县住房和城乡建设委员会,建设管理,1,7,0,0
奉节县,奉节县交通运输委员会,运输管理,1,3,1,0
奉节县,奉节县水利局,水利管理,1,10,3,0
奉节县,奉节县农业农村委员会,综合管理,1,0,0,0
奉节县,奉节县商务委员会,综合管理,1,1,0,0
奉节县,奉节县市场监督管理局,食品药品监管1,1,1,1,0
奉节县,奉节县市场监督管理局,食品药品监管2,2,16,6,2
奉节县,奉节县市场监督管理局,食品药品监管3,2,8,2,1
奉节县,奉节县生态工业园区管理委员会,综合管理,2,21,1,0
奉节县,奉节县档案馆（参照）,综合管理,1,5,2,1
奉节县,中共奉节县委党史研究室（参照）,综合管理,1,3,3,1
奉节县,奉节县行政服务中心（参照）,综合管理,1,2,0,0
奉节县,奉节县国库集中收付中心（参照）,综合管理1,1,8,2,1
奉节县,奉节县国库集中收付中心（参照）,综合管理2,1,4,1,0
奉节县,奉节县国库集中收付中心（参照）,财务管理1,1,2,0,0
奉节县,奉节县国库集中收付中心（参照）,财务管理2,1,6,0,0
奉节县,奉节县国库集中收付中心（参照）,财务管理3,1,1,0,0
奉节县,奉节县劳动人事争议仲裁院（参照）,综合管理1,1,6,1,0
奉节县,奉节县劳动人事争议仲裁院（参照）,综合管理2,1,2,0,0
奉节县,奉节县社会保险事务中心（参照）,综合管理,1,4,0,0
奉节县,奉节县农业经营管理站（参照）,综合管理,1,3,0,0
奉节县,奉节县生态环境保护综合行政执法支队（参照）,行政执法,1,4,1,0
奉节县,奉节县农业综合行政执法支队（参照）,行政执法1,1,5,2,0
奉节县,奉节县农业综合行政执法支队（参照）,行政执法2,1,3,0,0
奉节县,奉节县文化市场综合行政执法支队（参照）,行政执法,1,17,3,1
奉节县,奉节县公安局,基层执法勤务职位1,6,14,5,2
奉节县,奉节县公安局,基层执法勤务职位2,6,23,9,5
奉节县,奉节县公安局,基层执法勤务职位3,3,94,10,1
奉节县,奉节县公安局,基层执法勤务职位4,2,1,0,0
奉节县,奉节县公安局,基层执法勤务职位5,2,4,0,0
奉节县,奉节县公安局,基层警务技术职位（法医）,1,0,0,0
奉节县,奉节县公安局,基层警务技术职位（信息通信）,2,3,0,0
巫山县,巫山县乡镇机关,综合管理1,2,15,2,0
巫山县,巫山县乡镇机关,综合管理2,1,9,2,0
巫山县,巫山县巫峡镇政府,综合管理,1,6,0,0
巫山县,巫山县官渡镇政府,综合管理1,1,2,0,0
巫山县,巫山县官渡镇政府,综合管理2,1,3,0,0
巫山县,巫山县官渡镇政府,综合管理3,1,12,0,0
巫山县,巫山县庙宇镇政府,综合管理,1,11,1,0
巫山县,巫山县福田镇政府,综合管理,1,6,0,0
巫山县,巫山县培石乡政府,综合管理,1,68,0,0
巫山县,巫山县高唐街道办事处,综合管理1,1,10,0,0
巫山县,巫山县高唐街道办事处,综合管理2,1,7,0,0
巫山县,巫山县高唐街道办事处,综合管理3,1,18,0,0
巫山县,巫山县监委派出监察室（乡镇）,综合管理,1,5,1,1
巫山县,巫山县委巡察办,综合管理,1,13,8,0
巫山县,巫山县发展改革委,综合管理,1,6,3,0
巫山县,巫山县教委,综合管理,1,10,1,0
巫山县,巫山县司法局,基层司法助理员1,1,2,0,0
巫山县,巫山县司法局,基层司法助理员2,1,0,0,0
巫山县,巫山县司法局,基层司法助理员3,1,6,0,0
巫山县,巫山县住房城乡建委,综合管理1,1,13,0,0
巫山县,巫山县住房城乡建委,综合管理2,1,8,0,0
巫山县,巫山县水利局,综合管理,1,8,0,0
巫山县,巫山县应急管理局,综合管理1,1,2,0,0
巫山县,巫山县应急管理局,综合管理2,1,9,0,0
巫山县,巫山县市场监管局,行政执法1,1,1,1,0
巫山县,巫山县市场监管局,行政执法2,1,9,1,0
巫山县,巫山县市场监管局,行政执法3,1,10,1,0
巫山县,巫山县市场监管局,行政执法4,1,12,0,0
巫山县,巫山县医保局,综合管理,1,13,3,0
巫山县,巫山县信访办,综合管理,1,3,0,0
巫山县,重庆巫山工业园区管理委员会,综合管理,1,3,0,0
巫山县,巫山县委党史研究室（参照）,综合管理,1,1,0,0
巫山县,巫山县政务服务中心（参照）,财务管理1,1,9,0,0
巫山县,巫山县政务服务中心（参照）,财务管理2,1,5,0,0
巫山县,巫山县机关事务中心（参照）,综合管理1,1,12,0,0
巫山县,巫山县机关事务中心（参照）,综合管理2,1,14,0,0
巫山县,巫山县招投标事务中心（参照）,综合管理,1,5,2,0
巫山县,巫山县最低生活保障事务中心（参照）,综合管理,1,6,0,0
巫山县,巫山县法律援助中心（参照）,法律援助,1,2,1,0
巫山县,巫山县国资管理中心（参照）,国企管理1,1,2,0,0
巫山县,巫山县国资管理中心（参照）,国企管理2,1,1,0,0
巫山县,巫山县财政国库支付中心（参照）,财务管理1,1,4,0,0
巫山县,巫山县财政国库支付中心（参照）,财务管理2,1,2,1,0
巫山县,巫山县财政国库支付中心（参照）,综合管理,1,6,1,0
巫山县,巫山县仲裁院（参照）,综合管理,1,6,0,0
巫山县,巫山县社保事务中心（参照）,综合管理,1,5,0,0
巫山县,巫山县就业人才中心（参照）,综合管理1,1,2,0,0
巫山县,巫山县就业人才中心（参照）,综合管理2,1,3,0,0
巫山县,巫山县畜牧业中心（参照）,综合管理,1,1,1,0
巫山县,巫山县交通运输综合行政执法支队（参照）,行政执法1,1,5,2,0
巫山县,巫山县交通运输综合行政执法支队（参照）,行政执法2,1,8,0,0
巫山县,巫山县农业综合行政执法支队（参照）,农业行政执法1,2,1,0,0
巫山县,巫山县农业综合行政执法支队（参照）,农业行政执法2,1,5,1,0
巫山县,巫山县文化市场综合行政执法支队（参照）,文化市场监管,1,9,0,0
巫山县,巫山县公安局,基层执法勤务职位1,4,42,1,0
巫山县,巫山县公安局,基层执法勤务职位2,2,11,0,0
巫山县,巫山县公安局,基层执法勤务职位3,2,2,0,0
巫山县,巫山县公安局,基层执法勤务职位4,2,10,0,0
巫山县,巫山县公安局,基层执法勤务职位5,2,0,0,0
巫山县,巫山县公安局,基层执法勤务职位6,2,13,1,0
巫山县,巫山县公安局,基层执法勤务职位7,6,19,0,0
巫山县,巫山县公安局,基层执法勤务职位8,5,5,0,0
巫山县,巫山县公安局,基层执法勤务职位9,2,0,0,0
巫山县,巫山县公安局,基层执法勤务职位10,1,17,0,0
巫溪县,巫溪县城厢镇人民政府,综合管理,1,4,0,0
巫溪县,巫溪县菱角镇人民政府,综合管理1,1,7,0,0
巫溪县,巫溪县菱角镇人民政府,综合管理2,1,1,0,0
巫溪县,巫溪县大河乡人民政府,综合管理,1,0,0,0
巫溪县,巫溪县天星乡人民政府,综合管理,1,1,0,0
巫溪县,巫溪县上磺镇人民政府,综合管理1,1,4,0,0
巫溪县,巫溪县上磺镇人民政府,综合管理2,1,0,0,0
巫溪县,巫溪县古路镇人民政府,综合管理1,1,6,0,0
巫溪县,巫溪县古路镇人民政府,综合管理2,1,1,0,0
巫溪县,巫溪县峰灵镇人民政府,综合管理,2,9,0,0
巫溪县,巫溪县文峰镇人民政府,综合管理1,1,4,0,0
巫溪县,巫溪县文峰镇人民政府,综合管理2,1,8,0,0
巫溪县,巫溪县文峰镇人民政府,综合管理3,1,13,0,0
巫溪县,巫溪县文峰镇人民政府,综合管理4,2,1,0,0
巫溪县,巫溪县塘坊镇人民政府,综合管理,1,9,0,0
巫溪县,巫溪县朝阳镇人民政府,综合管理1,1,0,0,0
巫溪县,巫溪县朝阳镇人民政府,综合管理2,1,4,0,0
巫溪县,巫溪县白鹿镇人民政府,综合管理,1,3,0,0
巫溪县,巫溪县尖山镇人民政府,综合管理,2,5,0,0
巫溪县,巫溪县红池坝镇人民政府,产业发展,1,1,0,0
巫溪县,巫溪县红池坝镇人民政府,综合管理,1,10,0,0
巫溪县,巫溪县通城镇人民政府,综合管理1,1,0,0,0
巫溪县,巫溪县通城镇人民政府,综合管理2,1,5,0,0
巫溪县,巫溪县通城镇人民政府,综合管理3,1,0,0,0
巫溪县,巫溪县花台乡人民政府,综合管理,1,5,0,0
巫溪县,巫溪县下堡镇人民政府,综合管理,1,5,0,0
巫溪县,巫溪县天元乡人民政府,综合管理,1,6,0,0
巫溪县,巫溪县中梁乡人民政府,综合管理,1,8,0,0
巫溪县,巫溪县土城镇人民政府,综合管理,1,4,0,0
巫溪县,巫溪县宁河街道办事处,综合管理,1,9,0,0
巫溪县,巫溪县纪委监委,综合管理1,2,2,0,0
巫溪县,巫溪县纪委监委,综合管理2,2,3,0,0
巫溪县,巫溪县监委派出监察室,综合管理1,1,1,0,0
巫溪县,巫溪县监委派出监察室,综合管理2,1,1,0,0
巫溪县,巫溪县经济和信息化委员会,综合管理,1,6,0,0
巫溪县,巫溪县司法局,综合管理1,1,1,0,0
巫溪县,巫溪县司法局,综合管理2,1,1,0,0
巫溪县,巫溪县司法局,综合管理3,1,3,0,0
巫溪县,巫溪县司法局,综合管理4,1,1,0,0
巫溪县,巫溪县司法局,综合管理5,1,0,0,0
巫溪县,巫溪县规划和自然资源局,规划管理,1,5,0,0
巫溪县,巫溪县生态环境局,综合管理,1,1,0,0
巫溪县,巫溪县水利局,综合管理1,1,2,0,0
巫溪县,巫溪县水利局,综合管理2,1,6,0,0
巫溪县,巫溪县农业农村委员会,综合管理,1,6,0,0
巫溪县,巫溪县文化旅游委,综合管理,1,1,0,0
巫溪县,巫溪县应急管理局,综合管理1,1,1,0,0
巫溪县,巫溪县应急管理局,综合管理2,1,4,0,0
巫溪县,巫溪县市场监督管理局,基层监管执法1,1,7,0,0
巫溪县,巫溪县市场监督管理局,基层监管执法2,1,1,0,0
巫溪县,巫溪县市场监督管理局,基层监管执法职位3,1,14,0,0
巫溪县,巫溪县市场监督管理局,基层监管执法4,2,26,0,0
巫溪县,巫溪县市场监督管理局,基层监管执法5,2,10,0,0
巫溪县,巫溪县林业局,综合管理,1,0,0,0
巫溪县,重庆巫溪工业园区管理委员会,综合管理,2,7,0,0
巫溪县,巫溪县残联（参照）,综合管理,1,7,0,0
巫溪县,巫溪县机关事务中心（参照）,综合管理,1,4,0,0
巫溪县,巫溪县财政局国库收付中心（参照）,财务管理1,3,10,0,0
巫溪县,巫溪县财政局国库收付中心（参照）,财务管理2,1,1,0,0
巫溪县,巫溪县国有资产监督管理中心（参照）,综合管理,1,8,0,0
巫溪县,巫溪县劳动人事争议仲裁院（参照）,劳动仲裁1,1,0,0,0
巫溪县,巫溪县劳动人事争议仲裁院（参照）,劳动仲裁2,1,1,0,0
巫溪县,巫溪县社会保险事务中心（参照）,业务经办,1,2,0,0
巫溪县,巫溪县就业和人才事务中心（参照）,综合管理,1,5,0,0
巫溪县,巫溪县医疗保障事务中心（参照）,稽核内控,1,5,0,0
巫溪县,巫溪县医疗保障事务中心（参照）,信息管理,1,0,0,0
巫溪县,巫溪县农业综合开发中心（参照）,工程管理,1,8,0,0
巫溪县,巫溪县农业综合行政执法支队（参照）,农业综合执法1,2,3,0,0
巫溪县,巫溪县农业综合行政执法支队（参照）,农业综合执法2,2,6,0,0
巫溪县,巫溪县农业综合行政执法支队（参照）,农业综合执法3,1,2,0,0
巫溪县,巫溪县生态环境保护综合行政执法支队（参照）,行政执法1,1,3,0,0
巫溪县,巫溪县生态环境保护综合行政执法支队（参照）,行政执法2,1,1,0,0
巫溪县,巫溪县交通运输综合行政执法支队（参照）,行政执法1,2,78,0,0
巫溪县,巫溪县交通运输综合行政执法支队（参照）,行政执法2,2,16,0,0
巫溪县,巫溪县交通运输综合行政执法支队（参照）,行政执法3,1,1,0,0
巫溪县,巫溪县文化市场综合行政执法支队（参照）,综合管理,4,34,0,0
巫溪县,巫溪县应急管理综合行政执法支队（参照）,行政执法1,1,1,0,0
巫溪县,巫溪县应急管理综合行政执法支队（参照）,行政执法2,1,0,0,0
巫溪县,巫溪县公安局,基层警务技术职位（法医）,1,5,2,0
巫溪县,巫溪县公安局,基层执法勤务职位1,2,0,0,0
巫溪县,巫溪县公安局,基层执法勤务职位2,2,8,0,0
巫溪县,巫溪县公安局,基层执法勤务职位3,2,1,0,0
巫溪县,巫溪县公安局,基层执法勤务职位4,3,10,0,0
石柱县,石柱县西沱镇人民政府,综合管理,1,23,2,1
石柱县,石柱县黄水镇人民政府,基层治理,1,9,0,0
石柱县,石柱县黄水镇人民政府,综合管理,1,3,0,0
石柱县,石柱县黄水镇人民政府,武装干事,1,21,0,0
石柱县,石柱县黄水镇人民政府,景区管理,1,123,17,7
石柱县,石柱县悦崃镇人民政府,综合管理,1,12,0,0
石柱县,石柱县临溪镇人民政府,综合管理,1,23,0,0
石柱县,石柱县马武镇人民政府,宣传文化,1,64,21,7
石柱县,石柱县大歇镇人民政府,农业农村,1,7,0,0
石柱县,石柱县万朝镇人民政府,财务管理,1,3,0,0
石柱县,石柱县龙潭乡人民政府,基层治理,1,8,0,0
石柱县,石柱县下路街道办事处,综合管理1,1,0,0,0
石柱县,石柱县下路街道办事处,综合管理2,1,4,0,0
石柱县,石柱县纪委监委机关,纪检监察1,1,0,0,0
石柱县,石柱县纪委监委机关,纪检监察2,1,1,1,0
石柱县,石柱县纪委监委机关,纪检监察3,1,1,1,0
石柱县,石柱县纪委监委机关,纪检监察4,1,2,0,0
石柱县,石柱县委政法委员会,综合管理,3,10,0,0
石柱县,石柱县发展和改革委员会,综合管理,1,3,0,0
石柱县,石柱县教育委员会,综合管理,1,17,0,0
石柱县,石柱县经济和信息化委员会,产业发展,1,9,3,2
石柱县,石柱县民族宗教委员会,民族宗教,1,14,0,0
石柱县,石柱县司法局,司法助理1,3,3,0,0
石柱县,石柱县司法局,司法助理2,3,6,1,1
石柱县,石柱县财政局,综合管理,1,5,2,1
石柱县,石柱县规划和自然资源局,综合管理,1,10,6,2
石柱县,石柱县住房和城乡建设委员会,综合管理,1,7,2,2
石柱县,石柱县交通运输委员会,综合管理,2,13,5,1
石柱县,石柱县交通运输委员会,行政审批,1,13,5,1
石柱县,石柱县农业农村委员会,综合管理,1,1,0,0
石柱县,石柱县农业农村委员会,农业规划,1,15,4,2
石柱县,石柱县文化和旅游发展委员会,文化推广,1,3,1,0
石柱县,石柱县卫生健康委员会,医疗管理,1,10,3,0
石柱县,石柱县卫生健康委员会,中医药管理,1,19,11,5
石柱县,石柱县卫生健康委员会,卫生执法,1,4,2,0
石柱县,石柱县应急管理局,应急管理,1,1,1,1
石柱县,石柱县应急管理局,安全监管,2,15,7,1
石柱县,石柱县应急管理局,综合管理,1,5,2,1
石柱县,石柱县医疗保障局,基金监管1,1,2,0,0
石柱县,石柱县医疗保障局,基金监管2,1,2,1,1
石柱县,重庆石柱工业园区管理委员会,企业服务,1,3,2,0
石柱县,重庆石柱工业园区管理委员会,招商引资,1,16,7,3
石柱县,石柱县档案馆（参照）,信息技术,1,2,1,0
石柱县,石柱县行政服务中心（参照）,财务管理,1,2,0,0
石柱县,石柱县价格认证中心（参照）,综合管理,2,16,8,1
石柱县,石柱县中小企业发展指导中心（参照）,企业服务,1,0,0,0
石柱县,石柱县投资促进中心（参照）,招商引资,1,1,0,0
石柱县,石柱县最低生活保障中心（参照）,综合管理,1,11,4,1
石柱县,石柱县法律援助中心（参照）,法律援助,1,1,0,0
石柱县,石柱县会计核算中心（参照）,综合管理,1,11,1,0
石柱县,石柱县国有资产事务中心（参照）,综合管理,1,3,0,0
石柱县,石柱县社会保险事务中心（参照）,基金管理,1,3,0,0
石柱县,石柱县社会保险事务中心（参照）,综合管理,2,5,2,1
石柱县,石柱县就业和人才中心（参照）,就业创业1,1,7,0,0
石柱县,石柱县就业和人才中心（参照）,就业创业2,1,13,3,0
石柱县,石柱县三峡水库管理中心（参照）,水利管理1,1,3,1,1
石柱县,石柱县三峡水库管理中心（参照）,水利管理2,1,6,3,2
石柱县,石柱县农村合作经济经营管理站（参照）,农村管理,1,2,1,1
石柱县,石柱县社会经济调查队（参照）,统计调查,1,0,0,0
石柱县,石柱县林业有害生物防治检疫站（参照）,防治检疫1,1,0,0,0
石柱县,石柱县林业有害生物防治检疫站（参照）,防治检疫2,1,2,0,0
石柱县,石柱县总工会（参照）,综合管理,1,2,0,0
石柱县,共青团石柱县委员会（参照）,综合管理,1,4,3,1
石柱县,石柱县科学技术协会（参照）,科技普及,1,4,2,0
石柱县,石柱县归侨侨眷联合会（参照）,财务管理,1,13,3,2
石柱县,石柱县归侨侨眷联合会（参照）,综合管理,1,8,5,0
石柱县,石柱县交通运输综合行政执法支队（参照）,行政执法,1,13,3,0
石柱县,石柱县文化市场综合行政执法支队（参照）,文化执法,1,1,0,0
石柱县,石柱县公安局,基层执法勤务1,1,1,0,0
石柱县,石柱县公安局,基层执法勤务2,1,13,7,4
石柱县,石柱县公安局,基层执法勤务3,1,8,3,1
石柱县,石柱县公安局,基层执法勤务4,1,2,0,0
石柱县,石柱县公安局,基层执法勤务5,1,0,0,0
秀山县,秀山县乡镇机关,综合管理1,3,25,7,3
秀山县,秀山县乡镇机关,综合管理2,2,10,2,2
秀山县,秀山县乡镇机关,综合管理3,2,32,13,3
秀山县,秀山县乡镇机关,综合管理4,2,22,7,3
秀山县,秀山县乡镇机关,综合管理5,2,5,0,0
秀山县,秀山县中和街道办事处,综合管理1,1,12,3,3
秀山县,秀山县中和街道办事处,综合管理2,1,9,3,2
秀山县,秀山县乌杨街道办事处,综合管理1,1,4,0,0
秀山县,秀山县乌杨街道办事处,综合管理2,1,17,3,1
秀山县,秀山县乌杨街道办事处,综合管理3,1,0,0,0
秀山县,秀山县平凯街道办事处,综合管理,1,16,3,1
秀山县,秀山县官庄街道办事处,综合管理1,1,44,17,7
秀山县,秀山县官庄街道办事处,综合管理2,1,16,2,2
秀山县,秀山县官庄街道办事处,综合管理3,1,0,0,0
秀山县,秀山县清溪场街道办事处,综合管理1,1,13,0,0
秀山县,秀山县清溪场街道办事处,综合管理2,1,9,3,1
秀山县,秀山县发展改革委,综合管理,1,1,1,0
秀山县,秀山县农业农村委员会,综合管理1,1,5,0,0
秀山县,秀山县农业农村委员会,综合管理2,1,11,2,2
秀山县,秀山县规划和自然资源局,综合管理,1,10,4,3
秀山县,秀山县住房和城乡建设委员会,综合管理,1,14,0,0
秀山县,秀山县政务服务中心（参照）,财务管理,1,1,0,0
秀山县,秀山县财政局乡镇财政管理结算中心（参照）,财务管理1,3,15,12,4
秀山县,秀山县财政局乡镇财政管理结算中心（参照）,财务管理2,3,14,5,1
秀山县,秀山县财政局乡镇财政管理结算中心（参照）,财务管理3,3,23,5,2
秀山县,秀山县财政局乡镇财政管理结算中心（参照）,财务管理4,3,25,7,3
秀山县,秀山县财政局乡镇财政管理结算中心（参照）,财务管理5,1,4,1,0
秀山县,秀山县国库支付中心（参照）,综合管理,1,0,0,0
秀山县,秀山县社会保险事务中心（参照）,综合管理,1,14,6,4
秀山县,秀山县应急管理综合行政执法支队（参照）,行政执法1,1,2,0,0
秀山县,秀山县应急管理综合行政执法支队（参照）,行政执法2,1,10,4,3
秀山县,秀山县农业综合行政执法支队（参照）,行政执法,1,5,0,0
秀山县,秀山县文化市场综合行政执法支队（参照）,行政执法1,1,0,0,0
秀山县,秀山县文化市场综合行政执法支队（参照）,行政执法2,1,2,0,0
秀山县,秀山县公安局,基层执法勤务1,3,5,1,1
秀山县,秀山县公安局,基层执法勤务2,1,1,1,1
秀山县,秀山县公安局,基层执法勤务3,1,4,1,0
秀山县,秀山县公安局,基层执法勤务4,1,2,0,0
秀山县,秀山县公安局,基层执法勤务5,1,28,11,6
秀山县,秀山县公安局,基层执法勤务（信息通信）,2,14,6,3
秀山县,秀山县公安局,基层执法勤务（金融财会）,1,1,0,0
酉阳县,酉阳县乡镇机关,会计,2,6,0,0
酉阳县,酉阳县乡镇机关,综合管理1,3,17,5,2
酉阳县,酉阳县乡镇机关,综合管理2,3,29,7,3
酉阳县,酉阳县乡镇机关,综合管理3,2,14,4,1
酉阳县,酉阳县乡镇机关,综合管理4,2,6,2,0
酉阳县,酉阳县乡镇机关,综合管理5,2,7,4,1
酉阳县,酉阳县乡镇机关,综合管理6,2,7,4,2
酉阳县,酉阳县乡镇机关,综合管理7,2,62,25,7
酉阳县,酉阳县乡镇机关,综合管理8,3,299,104,41
酉阳县,酉阳县乡镇机关,综合管理9,5,21,10,2
酉阳县,酉阳县乡镇机关,综合管理10,5,15,7,2
酉阳县,酉阳县钟多街道办事处,综合管理,1,3,1,0
酉阳县,酉阳县桃花源街道办事处,综合管理1,1,5,3,1
酉阳县,酉阳县桃花源街道办事处,综合管理2,1,16,8,2
酉阳县,酉阳县纪委监委,综合管理1,2,12,10,4
酉阳县,酉阳县纪委监委,综合管理2,2,5,1,0
酉阳县,酉阳县政府办公室,综合管理1,1,7,7,1
酉阳县,酉阳县政府办公室,综合管理2,1,1,0,0
酉阳县,酉阳县政府办公室,综合管理3,1,11,7,1
酉阳县,酉阳县发展和改革委员会,综合管理1,1,1,1,1
酉阳县,酉阳县发展和改革委员会,综合管理2,1,11,5,1
酉阳县,酉阳县发展和改革委员会,综合管理3,1,3,1,0
酉阳县,酉阳县交通运输委员会,综合管理,1,12,9,4
酉阳县,酉阳县教育委员会,财务管理1,1,4,2,0
酉阳县,酉阳县教育委员会,财务管理2,1,0,0,0
酉阳县,酉阳县农业农村委员会,综合管理1,1,4,3,0
酉阳县,酉阳县农业农村委员会,综合管理2,1,5,2,1
酉阳县,酉阳县人力资源和社会保障局,综合管理,1,6,3,2
酉阳县,酉阳县应急管理局,综合管理,1,8,4,2
酉阳县,酉阳县统计局,综合管理,1,17,11,3
酉阳县,酉阳县林业局,综合管理,1,3,0,0
酉阳县,酉阳县水利局,会计,1,2,0,0
酉阳县,酉阳县规划和自然资源局,综合管理,1,6,0,0
酉阳县,酉阳县民族宗教事务委员会,综合管理,1,6,4,1
酉阳县,重庆酉阳工业园区管理委员会,综合管理,1,29,7,3
酉阳县,酉阳县司法局,综合管理1,1,12,0,0
酉阳县,酉阳县司法局,综合管理2,1,7,2,1
酉阳县,酉阳县司法局,综合管理3,1,8,4,0
酉阳县,酉阳县司法局,综合管理4,1,12,1,0
酉阳县,酉阳县司法局,综合管理5,1,4,1,1
酉阳县,酉阳县市场监督管理局,行政执法1,1,10,5,1
酉阳县,酉阳县市场监督管理局,行政执法2,2,5,2,1
酉阳县,酉阳县市场监督管理局,行政执法3,2,8,1,0
酉阳县,酉阳县市场监督管理局,行政执法4,1,20,2,1
酉阳县,酉阳县市场监督管理局,行政执法5,1,1,0,0
酉阳县,酉阳县委党史研究室（参照）,综合管理,1,6,1,0
酉阳县,酉阳县机关事务服务中心（参照）,综合管理1,1,7,0,0
酉阳县,酉阳县机关事务服务中心（参照）,综合管理2,1,7,2,2
酉阳县,酉阳县财政资金结算中心（参照）,综合管理,1,1,0,0
酉阳县,酉阳县国库集中支付中心（参照）,综合管理,1,2,1,0
酉阳县,酉阳县国有资产发展服务中心（参照）,综合管理1,1,0,0,0
酉阳县,酉阳县国有资产发展服务中心（参照）,综合管理2,1,4,3,1
酉阳县,酉阳县国有资产发展服务中心（参照）,综合管理3,1,6,3,0
酉阳县,酉阳县劳动人事争议仲裁院（参照）,综合管理,1,1,0,0
酉阳县,酉阳县社会保险事务中心（参照）,综合管理,1,7,1,0
酉阳县,酉阳县最低生活保障事务中心（参照）,综合管理,1,9,4,2
酉阳县,酉阳县救助管理站（参照）,综合管理,1,3,0,0
酉阳县,共青团酉阳县委员会（参照）,综合管理,1,14,7,3
酉阳县,酉阳县社会科学界联合会（参照）,综合管理,1,7,2,0
酉阳县,酉阳县农业综合行政执法支队（参照）,行政执法1,1,5,1,1
酉阳县,酉阳县农业综合行政执法支队（参照）,行政执法2,2,12,6,4
酉阳县,酉阳县生态环境保护综合行政执法支队（参照）,行政执法,1,3,1,1
酉阳县,酉阳县公安局,基层执法勤务1,3,31,13,6
酉阳县,酉阳县公安局,基层执法勤务2,1,6,2,0
酉阳县,酉阳县公安局,基层执法勤务3,1,3,1,1
酉阳县,酉阳县公安局,基层执法勤务4,1,2,1,1
酉阳县,酉阳县公安局,基层执法勤务5,2,6,4,2
彭水县,彭水县乡镇机关,综合管理1,2,10,1,1
彭水县,彭水县乡镇机关,综合管理2,2,5,0,0
彭水县,彭水县乡镇机关,综合管理3,2,283,147,48
彭水县,彭水县乡镇机关,综合管理4,3,49,17,5
彭水县,彭水县乡镇机关,综合管理5,2,12,8,3
彭水县,彭水县汉葭街道办事处,综合管理1,2,42,18,6
彭水县,彭水县汉葭街道办事处,综合管理2,2,21,14,9
彭水县,彭水县纪委监委,监督检查1,1,2,1,0
彭水县,彭水县纪委监委,监督检查2,1,1,1,1
彭水县,彭水县纪委监委,审查调查1,1,3,1,0
彭水县,彭水县纪委监委,审查调查2,1,4,2,1
彭水县,彭水县纪委监委,综合管理1,1,1,0,0
彭水县,彭水县纪委监委,综合管理2,1,1,1,0
彭水县,彭水县委宣传部,综合管理,1,10,7,2
彭水县,彭水县委社会工作部,综合管理,1,4,2,0
彭水县,彭水县发展改革委,综合管理,1,3,1,1
彭水县,彭水县教委,综合管理1,1,12,2,0
彭水县,彭水县教委,综合管理2,1,13,2,0
彭水县,彭水县经济信息委,综合管理1,1,5,3,1
彭水县,彭水县经济信息委,综合管理2,1,0,0,0
彭水县,彭水县经济信息委,综合管理3,1,16,3,0
彭水县,彭水县司法局,综合管理1,1,1,1,0
彭水县,彭水县司法局,综合管理2,1,3,1,0
彭水县,彭水县财政局,金融财会1,1,4,3,2
彭水县,彭水县财政局,金融财会2,1,7,4,1
彭水县,彭水县生态环境局,综合管理,1,7,4,0
彭水县,彭水县住房城乡建委,综合管理,1,3,2,1
彭水县,彭水县农业农村委,综合管理,1,4,1,0
彭水县,彭水工业园区管委会,财务管理,1,3,1,1
彭水县,彭水县档案馆（参照）,综合管理,1,11,5,1
彭水县,彭水县公共资源综合交易中心（参照）,综合管理,1,4,0,0
彭水县,彭水县国库集中支付中心（参照）,金融财会1,1,1,1,1
彭水县,彭水县国库集中支付中心（参照）,金融财会2,1,7,3,1
彭水县,彭水县国库集中支付中心（参照）,综合管理,1,9,5,1
彭水县,彭水县国有资产管理中心（参照）,综合管理1,1,4,3,1
彭水县,彭水县国有资产管理中心（参照）,综合管理2,1,1,0,0
彭水县,彭水县就业和人才事务中心（参照）,综合管理1,1,8,5,2
彭水县,彭水县就业和人才事务中心（参照）,综合管理2,1,5,4,1
彭水县,彭水县劳动人事争议仲裁院（参照）,综合管理1,1,2,0,0
彭水县,彭水县劳动人事争议仲裁院（参照）,综合管理2,1,4,2,0
彭水县,彭水县农村合作经济经营管理站（参照）,综合管理1,1,1,0,0
彭水县,彭水县农村合作经济经营管理站（参照）,综合管理2,1,1,0,0
彭水县,彭水县移民服务中心（参照）,综合管理,1,4,3,1
彭水县,彭水县社会经济调查队（参照）,综合管理,1,9,6,1
彭水县,彭水县残联（参照）,综合管理,1,12,6,3
彭水县,彭水县生态环境保护综合行政执法支队（参照）,生态环境执法,1,0,0,0
彭水县,彭水县应急管理综合行政执法支队（参照）,综合管理1,1,7,3,0
彭水县,彭水县应急管理综合行政执法支队（参照）,综合管理2,1,3,3,2
彭水县,彭水县市场监管局,财务会计,1,0,0,0
彭水县,彭水县市场监管局,综合管理,1,11,3,1
彭水县,彭水县市场监管局,市场监管,1,15,6,4
彭水县,彭水县公安局,基层执法勤务1,2,3,0,0
彭水县,彭水县公安局,基层执法勤务2,1,3,2,1
彭水县,彭水县公安局,基层执法勤务3,1,21,10,6
彭水县,彭水县公安局,基层执法勤务4,1,6,1,0
彭水县,彭水县公安局,基层执法勤务5（信息通信）,3,8,2,0
彭水县,彭水县公安局,基层执法勤务6（法医）,1,1,0,0
彭水县,彭水县公安局,基层执法勤务7,2,17,7,4
市委办公厅,市档案馆（参照）,档案管理1,1,5,3,2
市委办公厅,市档案馆（参照）,档案管理2,1,2,1,1
市委办公厅,市档案馆（参照）,综合管理,1,1,0,0
市委办公厅,市档案馆（参照）,档案信息化建设,1,9,6,3
市委办公厅,市专用通信局（参照）,通信建设管理,3,16,4,1
市委办公厅,市保密技术保障中心（参照）,安全技术1,1,2,0,0
市委办公厅,市保密技术保障中心（参照）,安全技术2,1,4,1,0
市委社会工作部,内设处室,综合管理,1,32,22,10
市委老干局,市关工委办公室,综合管理,1,53,30,4
市委军民融合办,低空空域协同管理处,综合管理,1,32,13,5
市经济信息委,内设处室,行业管理,1,27,4,0
市经济信息委,市无线电监测站（参照）,无线电监测,1,8,6,2
市公安局,政治部,基层综合管理1,6,26,17,5
市公安局,政治部,基层综合管理2,1,9,6,3
市公安局,办公室,基层综合管理,1,4,0,0
市公安局,研究室,基层综合管理,1,1,0,0
市公安局,改革处,基层综合管理1,1,1,0,0
市公安局,改革处,基层综合管理2,1,1,0,0
市公安局,装备财务处,基层综合管理,2,3,2,0
市公安局,指挥中心,基层执法勤务1,2,4,4,2
市公安局,指挥中心,基层执法勤务2,2,0,0,0
市公安局,指挥中心,基层执法勤务3,2,5,1,0
市公安局,刑事侦查总队,基层执法勤务,1,1,0,0
市公安局,刑事侦查总队,基层警务技术（法医）,1,15,1,0
市公安局,交通管理总队,基层执法勤务1,1,0,0,0
市公安局,交通管理总队,基层执法勤务2,1,4,4,0
市公安局,交通管理总队,基层执法勤务3,1,13,9,1
市公安局,治安管理总队,基层执法勤务1,2,5,5,0
市公安局,治安管理总队,基层执法勤务2,1,0,0,0
市公安局,网络安全保卫总队,基层执法勤务1,1,5,2,0
市公安局,网络安全保卫总队,基层执法勤务2,1,6,5,0
市公安局,经济犯罪侦查总队,基层执法勤务1,1,1,0,0
市公安局,经济犯罪侦查总队,基层执法勤务2,1,0,0,0
市公安局,督察审计总队,基层执法勤务1,1,0,0,0
市公安局,督察审计总队,基层执法勤务2,1,1,1,0
市公安局,法制总队,基层执法勤务,4,6,3,2
市公安局,环境资源犯罪侦查总队,基层执法勤务,2,11,8,0
市公安局,禁毒总队,基层执法勤务,1,1,1,1
市公安局,特警总队,基层执法勤务1,3,2,2,1
市公安局,特警总队,基层执法勤务2,1,0,0,0
市公安局,出入境管理总队,基层执法勤务,1,10,8,0
市公安局,轨道交通分局,基层执法勤务,1,0,0,0
市公安局,机场分局,基层执法勤务1,1,0,0,0
市公安局,机场分局,基层执法勤务2,1,5,5,2
市公安局,机场分局,基层执法勤务3,2,7,4,0
市公安局,水上分局,基层执法勤务,1,2,2,0
市公安局,渝中区公安分局,基层执法勤务1,1,6,4,1
市公安局,渝中区公安分局,基层执法勤务2,1,1,1,1
市公安局,渝中区公安分局,基层执法勤务3,1,6,6,3
市公安局,渝中区公安分局,基层执法勤务4,1,11,11,8
市公安局,大渡口区公安分局,基层执法勤务1,1,0,0,0
市公安局,大渡口区公安分局,基层执法勤务2,1,4,4,0
市公安局,沙坪坝区公安分局,基层执法勤务1,1,20,11,6
市公安局,沙坪坝区公安分局,基层执法勤务2,1,4,4,1
市公安局,沙坪坝区公安分局,基层执法勤务3,1,0,0,0
市公安局,九龙坡区公安分局,基层执法勤务1,2,5,4,2
市公安局,九龙坡区公安分局,基层执法勤务2,1,25,16,5
市公安局,南岸区公安分局,基层执法勤务1,1,4,1,0
市公安局,南岸区公安分局,基层执法勤务2,1,5,5,3
市公安局,南岸区公安分局,基层执法勤务3,1,0,0,0
市公安局,北碚区公安分局,基层执法勤务1,1,3,3,1
市公安局,北碚区公安分局,基层执法勤务2,1,4,3,2
市公安局,万盛经开区公安分局,基层执法勤务1,1,0,0,0
市公安局,万盛经开区公安分局,基层执法勤务2,1,1,1,0
市公安局,万盛经开区公安分局,基层执法勤务3,1,1,1,0
市公安局,巴南区公安分局,基层执法勤务1,1,2,2,0
市公安局,巴南区公安分局,基层执法勤务2,1,3,3,0
市公安局,巴南区公安分局,基层执法勤务3,1,10,8,3
市发展改革委,内设处室,综合管理,1,9,0,0
市民政局,市低保中心（市核对中心）（参照）,财务管理,1,47,13,1
市司法局,内设处室,司法行政1,1,7,4,2
市司法局,内设处室,司法行政2,1,2,1,0
市司法局,内设处室,司法行政3,1,5,4,1
市司法局,内设处室,司法行政4,1,8,4,3
市司法局,市监狱局三峡监狱,管教1,2,1,0,0
市司法局,市监狱局三峡监狱,管教2,1,13,4,1
市司法局,市监狱局三峡监狱,管教3,1,4,0,0
市司法局,市监狱局三峡监狱,管教4,2,10,1,0
市司法局,市监狱局永川监狱,管教5,4,2,1,0
市司法局,市监狱局永川监狱,管教6,1,3,0,0
市司法局,市监狱局永川监狱,管教7,1,3,2,1
市司法局,市监狱局永川监狱,管教8,1,11,3,1
市司法局,市监狱局永川监狱,管教9,2,11,5,2
市司法局,市监狱局永川监狱,管教10,2,20,9,6
市司法局,市监狱局永川监狱,狱医1,1,3,1,1
市司法局,市监狱局垫江监狱,管教11,1,0,0,0
市司法局,市监狱局垫江监狱,管教12,1,6,1,0
市司法局,市监狱局垫江监狱,管教13,1,3,1,1
市司法局,市监狱局未成年犯管教所,管教14,1,1,0,0
市司法局,市监狱局未成年犯管教所,管教15,1,7,1,1
市司法局,市监狱局未成年犯管教所,狱医2,1,23,7,4
市司法局,市监狱局渝都监狱,管教16,4,2,1,1
市司法局,市监狱局渝都监狱,管教17,3,13,8,3
市司法局,市监狱局渝都监狱,管教18,1,6,3,2
市司法局,市监狱局渝都监狱,管教19,2,4,1,1
市司法局,市监狱局渝都监狱,管教20,2,12,8,3
市司法局,市监狱局渝都监狱,管教21,2,6,2,0
市司法局,市监狱局渝都监狱,管教22,2,30,18,13
市司法局,市监狱局渝都监狱,狱医3,2,6,2,1
市司法局,市监狱局南川监狱,管教23,1,1,0,0
市司法局,市监狱局南川监狱,管教24,1,1,1,0
市司法局,市监狱局南川监狱,管教25,3,32,16,9
市司法局,市监狱局南川监狱,管教26,1,13,3,1
市司法局,市监狱局南川监狱,狱医4,2,4,0,0
市司法局,市监狱局凤城监狱,管教27,1,0,0,0
市司法局,市监狱局凤城监狱,管教28,1,1,0,0
市司法局,市监狱局凤城监狱,管教29,1,4,2,1
市司法局,市监狱局凤城监狱,管教30,1,3,3,1
市司法局,市监狱局凤城监狱,狱医5,1,1,1,1
市司法局,市监狱局三合监狱,管教31,1,10,4,0
市司法局,市监狱局三合监狱,管教32,1,0,0,0
市司法局,市监狱局渝州监狱,管教33,2,0,0,0
市司法局,市监狱局渝州监狱,管教34,1,4,1,0
市司法局,市监狱局渝州监狱,管教35,1,4,1,0
市司法局,市监狱局渝州监狱,管教36,1,1,1,1
市司法局,市监狱局渝州监狱,管教37,2,9,5,3
市司法局,市监狱局渝州监狱,管教38,2,7,3,2
市司法局,市监狱局渝州监狱,狱医6,2,9,2,2
市司法局,市监狱局渝州监狱,狱医7,1,2,0,0
市司法局,市监狱局女子监狱,管教39,1,8,1,1
市司法局,市监狱局女子监狱,狱医8,1,25,11,3
市司法局,市监狱局九龙监狱,管教40,1,3,1,0
市司法局,市监狱局九龙监狱,狱医9,1,2,0,0
市司法局,市监狱局涪陵监狱,管教41,1,3,2,1
市司法局,市监狱局涪陵监狱,管教42,1,7,5,2
市司法局,市监狱局渝西监狱,管教43,1,1,0,0
市司法局,市监狱局渝西监狱,管教44,1,22,11,2
市司法局,市监狱局渝西监狱,管教45,2,8,4,1
市司法局,市监狱局渝西监狱,管教46,2,8,2,0
市司法局,市监狱局长康监狱,狱医10,2,0,0,0
市司法局,市监狱局长康监狱,狱医11,1,1,0,0
市司法局,市监狱局武陵监狱,管教47,2,0,0,0
市司法局,市监狱局武陵监狱,狱医12,1,7,5,5
市司法局,市教育矫治局江北教育矫治所（江北强制隔离戒毒所）,教育矫治1,1,0,0,0
市司法局,市教育矫治局嘉陵教育矫治所（嘉陵强制隔离戒毒所）,教育矫治2,2,0,0,0
市司法局,市教育矫治局嘉陵教育矫治所（嘉陵强制隔离戒毒所）,教育矫治3,1,5,1,0
市司法局,市教育矫治局嘉陵教育矫治所（嘉陵强制隔离戒毒所）,所医1,1,5,1,0
市司法局,市教育矫治局未成年人教育矫治所（未成年人强制隔离戒毒所）,教育矫治4,1,0,0,0
市司法局,市教育矫治局未成年人教育矫治所（未成年人强制隔离戒毒所）,教育矫治5,1,14,3,2
市司法局,市教育矫治局未成年人教育矫治所（未成年人强制隔离戒毒所）,教育矫治6,1,6,2,2
市司法局,市教育矫治局北碚教育矫治所（北碚强制隔离戒毒所）,教育矫治7,1,0,0,0
市司法局,市教育矫治局北碚教育矫治所（北碚强制隔离戒毒所）,教育矫治8,1,5,1,0
市司法局,市教育矫治局北碚教育矫治所（北碚强制隔离戒毒所）,教育矫治9,1,10,2,1
市司法局,市教育矫治局缙云教育矫治所（戒毒康复所）,所医2,1,7,1,1
市司法局,市教育矫治局市第二强制隔离戒毒所,所医3,2,97,28,2
市人力社保局,市社会保险局（参照）,精算统计,1,26,20,7
市规划自然资源局,大渡口区规划和自然资源局,地质管理,1,13,3,1
市规划自然资源局,沙坪坝区规划和自然资源局,综合管理,1,41,18,7
市规划自然资源局,九龙坡区规划和自然资源局,规划管理,1,20,0,0
市规划自然资源局,九龙坡区规划和自然资源局,土地资源管理1,1,15,0,0
市规划自然资源局,九龙坡区规划和自然资源局,土地资源管理2,1,1,0,0
市规划自然资源局,九龙坡区规划和自然资源局,地质管理,1,39,0,0
市规划自然资源局,九龙坡区规划和自然资源局,林业管理,1,69,0,0
市规划自然资源局,南岸区规划和自然资源局,规划管理,1,9,2,1
市规划自然资源局,南岸区规划和自然资源局,土地资源管理,1,7,3,2
市规划自然资源局,南岸区规划和自然资源局,地质管理,1,14,10,2
市规划自然资源局,北碚区规划和自然资源局,规划管理,1,6,2,0
市规划自然资源局,巴南区规划和自然资源局,建筑管理1,1,5,1,0
市规划自然资源局,巴南区规划和自然资源局,建筑管理2,1,2,1,1
市规划自然资源局,巴南区规划和自然资源局,规划管理,1,8,3,2
市规划自然资源局,西部科学城重庆高新区规划和自然资源局,规划自然资源管理,1,52,0,0
市规划自然资源局,涪陵区规划和自然资源局,地质管理,2,19,17,5
市规划自然资源局,涪陵区规划和自然资源局,信息技术管理,1,2,2,0
市规划自然资源局,涪陵区规划和自然资源局,财务管理,1,8,7,4
市规划自然资源局,涪陵区规划和自然资源局,综合管理,1,5,4,0
市规划自然资源局,江津区规划和自然资源局,土地资源管理,1,3,2,1
市规划自然资源局,合川区规划和自然资源局,规划管理,2,16,6,2
市规划自然资源局,合川区规划和自然资源局,土地资源管理,1,0,0,0
市规划自然资源局,南川区规划和自然资源局,规划管理,1,3,2,1
市规划自然资源局,南川区规划和自然资源局,综合管理,1,13,0,0
市规划自然资源局,綦江区规划和自然资源局,规划自然资源管理,1,6,3,1
市规划自然资源局,大足区规划和自然资源局,土地资源管理,1,6,2,1
市规划自然资源局,大足区规划和自然资源局,综合管理,1,2,0,0
市规划自然资源局,铜梁区规划和自然资源局,综合管理,1,13,5,4
市规划自然资源局,铜梁区规划和自然资源局,规划管理,1,0,0,0
市城市管理局,市城市管理综合行政执法总队（参照）,法规审理1,1,2,0,0
市城市管理局,市城市管理综合行政执法总队（参照）,法规审理2,1,1,1,0
市城市管理局,市城市管理综合行政执法总队（参照）,行政执法1,1,16,11,5
市城市管理局,市城市管理综合行政执法总队（参照）,行政执法2,1,15,12,4
市交通运输委,综合规划处,综合交通管理,1,24,7,2
市交通运输委,综合规划处,水运管理,1,11,5,1
市交通运输委,市道路运输中心（参照）,综合管理,1,44,0,0
市交通运输委,市道路运输中心（参照）,基层党建,1,90,3,0
市交通运输委,市道路运输中心（参照）,道路货运管理,1,45,0,0
市交通运输委,市交通执法总队（参照）,交通综合执法1,1,2,1,0
市交通运输委,市交通执法总队（参照）,交通综合执法2,1,3,3,1
市交通运输委,市交通执法总队（参照）,交通综合执法3,2,8,6,1
市交通运输委,市交通执法总队（参照）,交通综合执法4,2,3,2,2
市交通运输委,市交通执法总队（参照）,交通综合执法5,1,4,4,0
市交通运输委,市交通执法总队（参照）,交通综合执法6,1,1,0,0
市交通运输委,市交通执法总队（参照）,交通综合执法7,2,8,5,2
市交通运输委,市交通执法总队（参照）,交通综合执法8,2,3,0,0
市交通运输委,市交通执法总队（参照）,交通综合执法9,1,2,1,0
市交通运输委,市交通执法总队（参照）,交通综合执法10,1,31,0,0
市水利局,市水文监测总站（参照）,水文测验1,1,7,3,0
市水利局,市水文监测总站（参照）,水文测验2,1,4,1,0
市水利局,市水文监测总站（参照）,水文测验3,1,2,1,0
市水利局,市水文监测总站（参照）,水文测验4,1,1,1,0
市水利局,市水文监测总站（参照）,水文测验5,1,2,1,0
市水利局,市水文监测总站（参照）,水质监测1,1,14,7,3
市水利局,市水文监测总站（参照）,水质监测2,2,15,6,1
市水利局,市水文监测总站（参照）,综合管理,1,17,5,1
市水利局,市水利工程运行安全总站（参照）,水利业务,1,17,10,2
市农业农村委,市种子站（参照）,种子质量检测与登记,2,76,52,18
市农业农村委,市种子站（参照）,植保植检,1,26,21,11
市卫生健康委,内设处室,业务管理1,1,22,11,4
市卫生健康委,内设处室,业务管理2,1,50,25,4
市卫生健康委,内设处室,财务管理,1,27,6,3
市卫生健康委,内设处室,对外交流,1,23,0,0
市卫生健康委,市干部保障所（参照）,网络信息管理,1,22,0,0
市卫生健康委,市干部保障所（参照）,保健服务1,1,8,0,0
市卫生健康委,市干部保障所（参照）,保健服务2,1,24,0,0
市审计局,市审计中心（参照）,计算机审计,1,20,7,2
市审计局,市审计中心（参照）,自然资源资产审计,1,22,7,5
市审计局,黔江区审计局,财政财务审计1,1,2,1,0
市审计局,黔江区审计局,财政财务审计2,1,0,0,0
市审计局,黔江区审计局,财政财务审计3,1,5,3,0
市审计局,黔江区审计局,财政财务审计4,1,2,2,0
市审计局,涪陵区审计局,投资审计,1,13,8,6
市审计局,涪陵区审计局,财政财务审计1,1,2,2,0
市审计局,涪陵区审计局,财政财务审计2,1,4,3,0
市审计局,武隆区审计局,自然资源资产审计,1,15,5,1
市审计局,武隆区审计局,财政财务审计,1,5,3,1
市审计局,云阳县审计局,财政财务审计1,1,2,2,0
市审计局,云阳县审计局,财政财务审计2,1,2,0,0
市审计局,奉节县审计局,财政财务审计,1,4,3,1
市审计局,巫山县审计局,投资审计1,1,7,4,0
市审计局,巫山县审计局,投资审计2,1,2,2,1
市审计局,巫山县审计局,财政财务审计,1,2,0,0
市审计局,巫溪县审计局,计算机审计,1,9,6,4
市审计局,巫溪县审计局,法规审理,1,1,1,1
市审计局,酉阳县审计局,财政财务审计,1,0,0,0
市审计局,大渡口区审计中心（参照）,财政财务审计1,1,9,9,2
市审计局,大渡口区审计中心（参照）,财政财务审计2,1,11,8,3
市审计局,九龙坡区审计中心（参照）,投资审计,1,5,3,3
市审计局,九龙坡区审计中心（参照）,财政财务审计,1,6,2,0
市审计局,南岸区审计中心（参照）,综合管理,1,13,6,4
市审计局,巴南区审计中心（参照）,计算机审计,1,4,1,0
市审计局,巴南区审计中心（参照）,投资审计,1,8,1,0
市审计局,长寿区审计中心（参照）,财政财务审计,3,24,15,7
市审计局,长寿区审计中心（参照）,投资审计,1,3,0,0
市审计局,江津区审计中心（参照）,投资审计,1,9,7,4
市审计局,永川区审计中心（参照）,投资审计,1,16,14,7
市审计局,永川区审计中心（参照）,财政财务审计1,2,6,3,2
市审计局,永川区审计中心（参照）,财政财务审计2,1,6,6,2
市审计局,南川区审计中心（参照）,投资审计,1,11,6,3
市审计局,南川区审计中心（参照）,财政财务审计,1,3,3,0
市审计局,綦江区审计中心（参照）,财政财务审计,1,4,2,1
市审计局,大足区审计中心（参照）,财政财务审计1,1,3,3,3
市审计局,大足区审计中心（参照）,财政财务审计2,1,2,2,1
市审计局,铜梁区审计中心（参照）,财政财务审计,1,2,1,1
市审计局,铜梁区审计中心（参照）,计算机审计,1,3,1,0
市审计局,潼南区审计中心（参照）,财政财务审计1,1,6,3,1
市审计局,潼南区审计中心（参照）,财政财务审计2,1,3,3,1
市审计局,开州区审计中心（参照）,财政财务审计1,1,1,0,0
市审计局,开州区审计中心（参照）,财政财务审计2,1,1,1,0
市审计局,开州区审计中心（参照）,投资审计,1,4,3,2
市审计局,梁平区审计中心（参照）,综合管理,1,0,0,0
市审计局,梁平区审计中心（参照）,财政财务审计1,1,3,3,1
市审计局,梁平区审计中心（参照）,财政财务审计2,1,1,0,0
市审计局,武隆区审计中心（参照）,投资审计,1,5,5,2
市审计局,城口县审计中心（参照）,财政财务审计,1,1,1,0
市审计局,城口县审计中心（参照）,法规审理,1,1,1,0
市审计局,丰都县审计中心（参照）,投资审计,1,7,7,2
市审计局,丰都县审计中心（参照）,财政财务审计1,1,4,4,2
市审计局,丰都县审计中心（参照）,财政财务审计2,1,1,1,1
市审计局,忠县审计中心（参照）,财政财务审计1,1,2,2,1
市审计局,忠县审计中心（参照）,财政财务审计2,1,2,2,0
市审计局,云阳县审计中心（参照）,财政财务审计1,1,1,0,0
市审计局,云阳县审计中心（参照）,财政财务审计2,1,1,0,0
市审计局,奉节县审计中心（参照）,财政财务审计1,1,1,0,0
市审计局,奉节县审计中心（参照）,财政财务审计2,1,1,0,0
市审计局,奉节县审计中心（参照）,计算机审计,1,3,2,0
市审计局,巫山县审计中心（参照）,财政财务审计1,1,3,2,1
市审计局,巫山县审计中心（参照）,财政财务审计2,1,1,1,1
市审计局,石柱县审计中心（参照）,计算机审计,1,3,2,0
市审计局,石柱县审计中心（参照）,法规审理,1,0,0,0
市审计局,秀山县审计中心（参照）,投资审计,1,6,5,2
市审计局,秀山县审计中心（参照）,财政财务审计,1,4,2,0
市审计局,酉阳县审计中心（参照）,财政财务审计1,1,1,0,0
市审计局,酉阳县审计中心（参照）,财政财务审计2,1,1,0,0
市政府外办,内设处室,翻译职位1,1,9,2,0
市政府外办,内设处室,翻译职位2,1,19,1,0
市市场监管局,市市场监管综合行政执法总队,行政执法1,1,19,8,1
市市场监管局,市市场监管综合行政执法总队,行政执法2,1,11,8,5
市市场监管局,市市场监管综合行政执法总队,行政执法3,1,26,12,4
市市场监管局,市市场监管综合行政执法总队,行政执法4,1,24,13,8
市市场监管局,涪陵区市场监管局,基层市场监管1,2,10,9,2
市市场监管局,涪陵区市场监管局,基层市场监管2,1,20,13,5
市市场监管局,涪陵区市场监管局,基层市场监管3,3,39,30,10
市市场监管局,涪陵区市场监管局,基层市场监管4,1,0,0,0
市市场监管局,涪陵区市场监管局,基层市场监管5,1,0,0,0
市市场监管局,涪陵区市场监管局,基层市场监管6,1,1,0,0
市市场监管局,涪陵区市场监管局,基层市场监管7,2,12,11,3
市市场监管局,涪陵区市场监管局,基层市场监管8,1,1,1,0
市市场监管局,涪陵区市场监管局,基层市场监管9,1,4,3,2
市市场监管局,涪陵区市场监管局,基层市场监管10,3,24,20,8
市市场监管局,涪陵区市场监管局,基层市场监管11,2,18,11,3
市市场监管局,渝中区市场监管局,基层市场监管1,2,34,32,13
市市场监管局,渝中区市场监管局,基层市场监管2,1,22,20,9
市市场监管局,渝中区市场监管局,基层市场监管3,2,30,27,13
市市场监管局,渝中区市场监管局,基层市场监管4,2,7,7,4
市市场监管局,渝中区市场监管局,基层市场监管5,1,9,9,2
市市场监管局,渝中区市场监管局,基层市场监管6,1,6,4,1
市市场监管局,渝中区市场监管局,基层市场监管7,1,3,3,2
市市场监管局,渝中区市场监管局,行政执法,1,17,15,5
市市场监管局,大渡口区市场监管局,基层市场监管1,2,16,7,3
市市场监管局,大渡口区市场监管局,基层市场监管2,1,9,3,1
市市场监管局,大渡口区市场监管局,行政执法,1,4,2,0
市市场监管局,沙坪坝区市场监管局,基层市场监管1,1,8,2,2
市市场监管局,沙坪坝区市场监管局,基层市场监管2,1,18,10,3
市市场监管局,沙坪坝区市场监管局,基层市场监管3,2,30,14,2
市市场监管局,沙坪坝区市场监管局,行政执法1,1,5,1,1
市市场监管局,沙坪坝区市场监管局,行政执法2,1,4,2,1
市市场监管局,九龙坡区市场监管局,基层市场监管1,1,6,6,4
市市场监管局,九龙坡区市场监管局,基层市场监管2,1,8,3,1
市市场监管局,九龙坡区市场监管局,基层市场监管3,2,22,5,1
市市场监管局,九龙坡区市场监管局,基层市场监管4,1,3,1,0
市市场监管局,九龙坡区市场监管局,基层市场监管5,1,10,6,5
市市场监管局,九龙坡区市场监管局,基层市场监管6,1,3,1,0
市市场监管局,九龙坡区市场监管局,基层市场监管7,2,39,21,10
市市场监管局,九龙坡区市场监管局,基层市场监管8,1,40,20,10
市市场监管局,九龙坡区市场监管局,行政执法,1,8,2,1
市市场监管局,南岸区市场监管局,基层市场监管,1,16,9,3
市市场监管局,南岸区市场监管局,行政执法,1,13,7,4
市市场监管局,北碚区市场监管局,基层市场监管1,1,22,12,2
市市场监管局,北碚区市场监管局,基层市场监管2,1,6,4,3
市市场监管局,北碚区市场监管局,基层市场监管3,1,5,3,1
市市场监管局,北碚区市场监管局,基层市场监管4,1,3,1,0
市市场监管局,北碚区市场监管局,行政执法,1,0,0,0
市市场监管局,巴南区市场监管局,基层市场监管1,1,6,6,1
市市场监管局,巴南区市场监管局,基层市场监管2,1,10,9,3
市市场监管局,巴南区市场监管局,基层市场监管3,2,22,19,6
市市场监管局,巴南区市场监管局,基层市场监管4,1,4,4,1
市市场监管局,巴南区市场监管局,基层市场监管5,1,8,7,1
市市场监管局,巴南区市场监管局,行政执法1,1,2,2,1
市市场监管局,巴南区市场监管局,行政执法2,1,2,2,1
市市场监管局,长寿区市场监管局,基层市场监管1,1,5,2,1
市市场监管局,长寿区市场监管局,基层市场监管2,1,4,2,0
市市场监管局,长寿区市场监管局,基层市场监管3,3,23,10,4
市市场监管局,长寿区市场监管局,基层市场监管4,1,3,2,0
市市场监管局,长寿区市场监管局,基层市场监管5,1,2,1,1
市市场监管局,长寿区市场监管局,行政执法1,1,0,0,0
市市场监管局,长寿区市场监管局,行政执法2,1,0,0,0
市市场监管局,江津区市场监管局,基层市场监管1,1,8,3,2
市市场监管局,江津区市场监管局,基层市场监管2,1,11,9,5
市市场监管局,江津区市场监管局,基层市场监管3,2,7,2,1
市市场监管局,江津区市场监管局,基层市场监管4,1,1,0,0
市市场监管局,江津区市场监管局,基层市场监管5,1,2,1,0
市市场监管局,江津区市场监管局,基层市场监管6,1,5,1,0
市市场监管局,江津区市场监管局,基层市场监管7,1,2,1,1
市市场监管局,江津区市场监管局,基层市场监管8,1,6,2,1
市市场监管局,江津区市场监管局,行政执法1,2,10,3,2
市市场监管局,江津区市场监管局,行政执法2,1,3,2,0
市市场监管局,江津区市场监管局,行政执法3,1,2,1,1
市市场监管局,合川区市场监管局,基层市场监管1,2,13,11,8
市市场监管局,合川区市场监管局,基层市场监管2,1,9,3,1
市市场监管局,合川区市场监管局,基层市场监管3,2,12,7,5
市市场监管局,合川区市场监管局,基层市场监管4,1,1,0,0
市市场监管局,合川区市场监管局,基层市场监管5,1,0,0,0
市市场监管局,合川区市场监管局,基层市场监管6,1,0,0,0
市市场监管局,合川区市场监管局,基层市场监管7,1,2,0,0
市市场监管局,合川区市场监管局,基层市场监管8,2,7,4,2
市市场监管局,合川区市场监管局,基层市场监管9,1,4,3,0
市市场监管局,合川区市场监管局,行政执法1,1,3,2,0
市市场监管局,合川区市场监管局,行政执法2,1,0,0,0
市市场监管局,永川区市场监管局,行政执法1,2,29,24,15
市市场监管局,永川区市场监管局,行政执法2,1,13,10,5
市市场监管局,永川区市场监管局,行政执法3,1,5,3,0
市市场监管局,南川区市场监管局,基层市场监管1,1,3,1,1
市市场监管局,南川区市场监管局,基层市场监管2,1,8,3,1
市市场监管局,南川区市场监管局,基层市场监管3,2,6,4,0
市市场监管局,南川区市场监管局,基层市场监管4,1,3,1,0
市市场监管局,南川区市场监管局,基层市场监管5,1,3,2,0
市市场监管局,綦江区市场监管局,基层市场监管1,1,6,1,0
市市场监管局,綦江区市场监管局,基层市场监管2,1,7,1,1
市市场监管局,綦江区市场监管局,行政执法,1,1,0,0
市市场监管局,大足区市场监管局,基层市场监管1,2,9,9,3
市市场监管局,大足区市场监管局,基层市场监管2,1,6,5,2
市市场监管局,大足区市场监管局,基层市场监管3,2,14,6,5
市市场监管局,大足区市场监管局,基层市场监管4,1,4,2,1
市市场监管局,大足区市场监管局,基层市场监管5,1,4,3,1
市市场监管局,大足区市场监管局,基层市场监管6,1,7,7,1
市市场监管局,大足区市场监管局,基层市场监管7,1,10,9,3
市市场监管局,大足区市场监管局,基层市场监管8,1,10,5,3
市市场监管局,大足区市场监管局,行政执法1,1,4,4,1
市市场监管局,大足区市场监管局,行政执法2,1,0,0,0
市市场监管局,璧山区市场监管局,行政执法,1,21,15,7
市市场监管局,铜梁区市场监管局,基层市场监管1,1,4,4,3
市市场监管局,铜梁区市场监管局,基层市场监管2,1,5,3,2
市市场监管局,铜梁区市场监管局,基层市场监管3,1,12,9,3
市市场监管局,铜梁区市场监管局,基层市场监管4,1,3,3,2
市市场监管局,铜梁区市场监管局,基层市场监管5,1,0,0,0
市市场监管局,潼南区市场监管局,基层市场监管1,1,8,3,0
市市场监管局,潼南区市场监管局,基层市场监管2,1,12,2,2
市市场监管局,潼南区市场监管局,基层市场监管3,2,24,8,2
市市场监管局,潼南区市场监管局,基层市场监管4,1,10,2,2
市市场监管局,潼南区市场监管局,行政执法1,1,4,2,0
市市场监管局,潼南区市场监管局,行政执法2,1,4,2,1
市市场监管局,荣昌区市场监管局,行政执法1,2,19,14,7
市市场监管局,荣昌区市场监管局,行政执法2,1,15,10,4
市市场监管局,荣昌区市场监管局,行政执法3,1,17,12,6
市市场监管局,荣昌区市场监管局,行政执法4,1,5,3,3
市市场监管局,万盛经开区市场监管局,基层市场监管,1,7,7,3
市市场监管局,万盛经开区市场监管局,行政执法1,1,1,1,0
市市场监管局,万盛经开区市场监管局,行政执法2,1,0,0,0
市统计局,市统计局普查中心（参照）,普查业务1,1,39,11,2
市统计局,市统计局普查中心（参照）,普查业务2,1,32,9,2
市医保局,内设处室,综合管理1,1,29,11,4
市医保局,内设处室,综合管理2,1,38,20,8
市医保局,内设处室,综合管理3,1,13,3,3
市医保局,市医保事务中心（参照）,经办管理1,2,14,9,2
市医保局,市医保事务中心（参照）,经办管理2,1,16,2,1
市医保局,市医保事务中心（参照）,经办管理3,1,7,1,0
市机关事务局,内设处室,信息化技术,1,9,2,2
市机关事务局,内设处室,综合管理,2,25,8,4
市林业局,缙云山管理局（参照）,保护区管理1,1,31,3,1
市林业局,缙云山管理局（参照）,保护区管理2,1,6,0,0
市林业局,缙云山管理局（参照）,保护区财务管理,1,10,1,0
市林业局,市森防站（参照）,林业有害生物防治1,1,7,0,0
市林业局,市森防站（参照）,林业有害生物防治2,1,12,3,0
市林业局,市森防站（参照）,林业植物检疫,1,2,2,0
市林业局,市湿地中心（参照）,野生动植物监测,1,14,10,3
市林业局,大巴山管理中心（参照）,调查监测1,1,3,1,1
市林业局,大巴山管理中心（参照）,调查监测2,1,0,0,0
市高法院,市一中法院,法官助理1,1,3,0,0
市高法院,市一中法院,法官助理2,1,4,0,0
市高法院,市一中法院,司法警察,1,8,0,0
市高法院,市四中法院,法官助理1,1,1,0,0
市高法院,市四中法院,法官助理2,1,0,0,0
市高法院,市五中法院,法官助理1,1,1,0,0
市高法院,市五中法院,法官助理2,1,1,0,0
市高法院,成渝金融法院,法官助理1,1,3,0,0
市高法院,成渝金融法院,法官助理2,1,4,1,0
市高法院,成渝金融法院,法官助理3,1,6,4,2
市高法院,成渝金融法院,法官助理4,1,14,4,2
市高法院,成渝金融法院,司法警察,1,19,7,3
市高法院,自贸区法院,法官助理1,1,0,0,0
市高法院,自贸区法院,法官助理2,1,0,0,0
市高法院,自贸区法院,法官助理3,1,0,0,0
市高法院,万州区法院,法官助理1,3,11,6,3
市高法院,万州区法院,法官助理2,3,5,3,2
市高法院,万州区法院,法官助理3,1,2,0,0
市高法院,万州区法院,司法行政1,1,4,3,1
市高法院,万州区法院,司法行政2,1,7,2,0
市高法院,万州区法院,司法警察,1,8,4,2
市高法院,黔江区法院,法官助理1,2,1,0,0
市高法院,黔江区法院,法官助理2,2,0,0,0
市高法院,黔江区法院,法官助理3,1,0,0,0
市高法院,涪陵区法院,法官助理1,1,0,0,0
市高法院,涪陵区法院,法官助理2,1,1,0,0
市高法院,涪陵区法院,司法警察,1,14,11,1
市高法院,涪陵区法院,司法技术,1,20,16,3
市高法院,两江新区法院,法官助理1,5,6,0,0
市高法院,两江新区法院,法官助理2,5,4,0,0
市高法院,两江新区法院,法官助理3,5,5,0,0
市高法院,两江新区法院,法官助理4,5,7,4,2
市高法院,渝中区法院,法官助理1,1,0,0,0
市高法院,渝中区法院,法官助理2,1,1,1,1
市高法院,渝中区法院,法官助理3,1,0,0,0
市高法院,渝中区法院,法官助理4,1,0,0,0
市高法院,渝中区法院,司法行政1,1,11,1,0
市高法院,渝中区法院,司法行政2,1,5,1,0
市高法院,大渡口区法院,法官助理1,1,1,1,1
市高法院,大渡口区法院,法官助理2,1,0,0,0
市高法院,沙坪坝区法院,法官助理1,4,4,1,0
市高法院,沙坪坝区法院,法官助理2,4,3,1,0
市高法院,沙坪坝区法院,司法行政1,1,7,1,1
市高法院,沙坪坝区法院,司法行政2,1,11,0,0
市高法院,九龙坡区法院,法官助理1,3,0,0,0
市高法院,九龙坡区法院,法官助理2,3,3,0,0
市高法院,南岸区法院,法官助理1,1,6,1,0
市高法院,南岸区法院,法官助理2,1,0,0,0
市高法院,南岸区法院,法官助理3,1,0,0,0
市高法院,南岸区法院,司法行政,1,4,3,1
市高法院,北碚区法院,法官助理1,3,1,0,0
市高法院,北碚区法院,法官助理2,3,2,0,0
市高法院,北碚区法院,司法行政1,1,1,0,0
市高法院,北碚区法院,司法行政2,1,2,0,0
市高法院,巴南区法院,法官助理1,2,4,3,2
市高法院,巴南区法院,法官助理2,2,2,2,1
市高法院,巴南区法院,法官助理3,1,0,0,0
市高法院,巴南区法院,司法行政,1,0,0,0
市高法院,巴南区法院,司法技术,1,9,6,2
市高法院,长寿区法院,法官助理1,4,3,3,0
市高法院,长寿区法院,法官助理2,4,2,2,0
市高法院,长寿区法院,法官助理3,1,0,0,0
市高法院,长寿区法院,司法行政,1,2,1,0
市高法院,江津区法院,法官助理1,3,4,0,0
市高法院,江津区法院,法官助理2,3,2,1,1
市高法院,江津区法院,司法行政,1,5,1,0
市高法院,合川区法院,法官助理1,4,2,0,0
市高法院,合川区法院,法官助理2,4,2,0,0
市高法院,合川区法院,司法警察,1,8,0,0
市高法院,永川区法院,法官助理1,1,0,0,0
市高法院,永川区法院,法官助理2,1,0,0,0
市高法院,永川区法院,司法警察,1,4,1,0
市高法院,南川区法院,法官助理1,1,0,0,0
市高法院,南川区法院,法官助理2,1,1,0,0
市高法院,綦江区法院,法官助理1,4,0,0,0
市高法院,綦江区法院,法官助理2,4,1,1,0
市高法院,綦江区法院,司法警察,2,8,5,1
市高法院,大足区法院,法官助理1,2,2,1,1
市高法院,大足区法院,法官助理2,2,4,2,1
市高法院,大足区法院,司法行政,1,6,3,2
市高法院,璧山区法院,法官助理1,2,0,0,0
市高法院,璧山区法院,法官助理2,2,1,1,1
市高法院,璧山区法院,法官助理3,1,0,0,0
市高法院,璧山区法院,法官助理4,1,4,2,2
市高法院,璧山区法院,法官助理5,1,2,2,1
市高法院,铜梁区法院,法官助理1,1,0,0,0
市高法院,铜梁区法院,法官助理2,1,0,0,0
市高法院,铜梁区法院,法官助理3,2,3,3,1
市高法院,铜梁区法院,法官助理4,2,4,3,0
市高法院,潼南区法院,法官助理1,1,2,0,0
市高法院,潼南区法院,法官助理2,1,3,1,1
市高法院,潼南区法院,法官助理3,1,3,2,1
市高法院,潼南区法院,法官助理4,1,1,0,0
市高法院,潼南区法院,法官助理5,1,0,0,0
市高法院,潼南区法院,司法行政,1,12,3,2
市高法院,荣昌区法院,法官助理1,1,1,1,1
市高法院,荣昌区法院,法官助理2,1,2,1,0
市高法院,荣昌区法院,司法行政,1,2,2,0
市高法院,开州区法院,法官助理1,2,0,0,0
市高法院,开州区法院,法官助理2,2,0,0,0
市高法院,开州区法院,法官助理3,2,2,2,1
市高法院,开州区法院,法官助理4,2,3,2,0
市高法院,开州区法院,法官助理5,1,0,0,0
市高法院,开州区法院,司法行政,1,2,1,0
市高法院,开州区法院,司法警察,1,2,1,0
市高法院,梁平区法院,法官助理1,1,0,0,0
市高法院,梁平区法院,法官助理2,1,0,0,0
市高法院,梁平区法院,法官助理3,1,5,4,0
市高法院,梁平区法院,法官助理4,1,0,0,0
市高法院,梁平区法院,司法行政1,1,3,1,0
市高法院,梁平区法院,司法行政2,1,1,1,0
市高法院,武隆区法院,法官助理1,1,3,3,2
市高法院,武隆区法院,法官助理2,1,0,0,0
市高法院,武隆区法院,法官助理3,1,2,2,1
市高法院,城口县法院,法官助理,3,5,1,1
市高法院,城口县法院,司法技术,1,1,0,0
市高法院,城口县法院,司法警察,1,0,0,0
市高法院,丰都县法院,法官助理1,1,0,0,0
市高法院,丰都县法院,法官助理2,1,0,0,0
市高法院,丰都县法院,法官助理3,1,2,1,1
市高法院,丰都县法院,司法行政,1,1,0,0
市高法院,垫江县法院,法官助理1,3,6,4,0
市高法院,垫江县法院,法官助理2,3,3,3,1
市高法院,垫江县法院,法官助理3,1,2,2,1
市高法院,忠县法院,法官助理1,4,10,6,1
市高法院,忠县法院,法官助理2,4,5,1,0
市高法院,忠县法院,司法技术,1,1,0,0
市高法院,忠县法院,司法行政1,1,0,0,0
市高法院,忠县法院,司法行政2,1,2,0,0
市高法院,云阳县法院,法官助理1,2,1,0,0
市高法院,云阳县法院,法官助理2,2,1,0,0
市高法院,云阳县法院,司法警察,1,1,1,1
市高法院,云阳县法院,司法技术,1,6,1,0
市高法院,奉节县法院,法官助理1,4,1,0,0
市高法院,奉节县法院,法官助理2,4,2,0,0
市高法院,巫山县法院,法官助理1,3,1,0,0
市高法院,巫山县法院,法官助理2,1,1,0,0
市高法院,巫山县法院,法官助理3,1,1,0,0
市高法院,巫溪县法院,法官助理1,3,8,1,1
市高法院,巫溪县法院,法官助理2,2,0,0,0
市高法院,石柱县法院,法官助理1,2,4,0,0
市高法院,石柱县法院,法官助理2,1,0,0,0
市高法院,石柱县法院,司法警察,1,8,0,0
市高法院,秀山县法院,法官助理1,3,1,0,0
市高法院,秀山县法院,法官助理2,3,6,3,1
市高法院,酉阳县法院,法官助理1,1,0,0,0
市高法院,酉阳县法院,法官助理2,1,0,0,0
市高法院,酉阳县法院,法官助理3,1,1,0,0
市高法院,酉阳县法院,法官助理4,1,0,0,0
市高法院,酉阳县法院,司法行政,1,5,1,0
市高法院,彭水县法院,法官助理1,1,1,0,0
市高法院,彭水县法院,法官助理2,1,0,0,0
市高法院,彭水县法院,法官助理3,1,5,2,2
市高法院,彭水县法院,法官助理4,1,1,1,1
市高法院,彭水县法院,法官助理5,1,3,1,0
市检察院,市检察院二分院,检察官助理1,1,9,6,3
市检察院,市检察院二分院,检察官助理2,1,6,2,0
市检察院,两江新区检察院,检察官助理1,3,15,5,4
市检察院,两江新区检察院,检察官助理2,3,13,8,3
市检察院,万州区检察院,检察官助理1,2,0,0,0
市检察院,万州区检察院,检察官助理2,2,0,0,0
市检察院,黔江区检察院,检察官助理1,1,0,0,0
市检察院,黔江区检察院,检察官助理2,1,0,0,0
市检察院,黔江区检察院,检察官助理3,1,0,0,0
市检察院,涪陵区检察院,检察官助理1,1,1,0,0
市检察院,涪陵区检察院,检察官助理2,1,0,0,0
市检察院,涪陵区检察院,检察官助理3,1,2,0,0
市检察院,涪陵区检察院,检察官助理4,1,5,0,0
市检察院,涪陵区检察院,综合管理1,1,8,4,4
市检察院,涪陵区检察院,综合管理2,1,6,0,0
市检察院,涪陵区检察院,综合管理3,1,10,3,1
市检察院,渝中区检察院,检察官助理1,2,5,0,0
市检察院,渝中区检察院,检察官助理2,2,7,1,0
市检察院,渝中区检察院,检察官助理3,1,2,0,0
市检察院,渝中区检察院,检察官助理4,1,0,0,0
市检察院,渝中区检察院,综合管理1,1,16,0,0
市检察院,渝中区检察院,综合管理2,1,5,0,0
市检察院,大渡口区检察院,检察官助理,1,4,4,1
市检察院,大渡口区检察院,综合管理,1,21,17,1
市检察院,沙坪坝区检察院,综合管理,1,7,7,2
市检察院,九龙坡区检察院,检察官助理1,1,1,0,0
市检察院,九龙坡区检察院,检察官助理2,1,1,0,0
市检察院,南岸区检察院,检察官助理1,2,24,2,0
市检察院,南岸区检察院,检察官助理2,2,48,5,0
市检察院,北碚区检察院,检察官助理1,1,1,0,0
市检察院,北碚区检察院,检察官助理2,1,2,0,0
市检察院,北碚区检察院,检察官助理3,1,0,0,0
市检察院,巴南区检察院,检察官助理1,2,0,0,0
市检察院,巴南区检察院,检察官助理2,2,5,5,2
市检察院,巴南区检察院,综合管理1,1,9,5,0
市检察院,巴南区检察院,综合管理2,1,23,15,6
市检察院,长寿区检察院,综合管理1,1,6,2,1
市检察院,长寿区检察院,综合管理2,1,2,1,0
市检察院,江津区检察院,检察官助理1,1,0,0,0
市检察院,江津区检察院,检察官助理2,1,0,0,0
市检察院,江津区检察院,综合管理1,1,2,2,0
市检察院,江津区检察院,综合管理2,1,45,24,7
市检察院,合川区检察院,检察官助理,1,7,6,2
市检察院,合川区检察院,综合管理1,1,10,8,2
市检察院,合川区检察院,综合管理2,1,11,9,3
市检察院,永川区检察院,检察官助理1,2,13,0,0
市检察院,永川区检察院,检察官助理2,1,8,0,0
市检察院,南川区检察院,检察官助理,1,1,0,0
市检察院,綦江区检察院,检察官助理1,2,7,3,2
市检察院,綦江区检察院,检察官助理2,2,1,0,0
市检察院,綦江区检察院,检察官助理3,4,5,2,1
市检察院,大足区检察院,检察官助理1,2,6,3,1
市检察院,大足区检察院,检察官助理2,1,2,0,0
市检察院,铜梁区检察院,检察官助理1,1,2,1,0
市检察院,铜梁区检察院,检察官助理2,1,5,4,1
市检察院,铜梁区检察院,综合管理,1,10,10,3
市检察院,潼南区检察院,检察官助理1,2,3,0,0
市检察院,潼南区检察院,检察官助理2,2,5,0,0
市检察院,荣昌区检察院,综合管理,1,9,1,0
市检察院,荣昌区检察院,检察官助理1,1,0,0,0
市检察院,荣昌区检察院,检察官助理2,1,0,0,0
市检察院,荣昌区检察院,检察官助理3,1,0,0,0
市检察院,开州区检察院,检察官助理1,1,0,0,0
市检察院,开州区检察院,检察官助理2,1,1,0,0
市检察院,开州区检察院,检察官助理3,1,1,0,0
市检察院,开州区检察院,检察官助理4,1,2,0,0
市检察院,开州区检察院,综合管理,1,2,0,0
市检察院,梁平区检察院,检察官助理1,3,7,7,2
市检察院,梁平区检察院,检察官助理2,1,3,2,1
市检察院,梁平区检察院,检察官助理3,1,0,0,0
市检察院,梁平区检察院,综合管理,1,7,7,0
市检察院,武隆区检察院,检察官助理,1,0,0,0
市检察院,城口县检察院,检察官助理1,2,7,4,1
市检察院,城口县检察院,检察官助理2,1,1,0,0
市检察院,城口县检察院,检察官助理3,1,0,0,0
市检察院,丰都县检察院,检察官助理1,1,2,1,1
市检察院,丰都县检察院,检察官助理2,1,1,1,1
市检察院,丰都县检察院,检察官助理3,1,0,0,0
市检察院,垫江县检察院,检察官助理,1,2,1,0
市检察院,垫江县检察院,综合管理,1,3,0,0
市检察院,忠县检察院,检察官助理1,1,2,1,0
市检察院,忠县检察院,检察官助理2,1,0,0,0
市检察院,忠县检察院,综合管理1,1,2,2,2
市检察院,忠县检察院,综合管理2,1,0,0,0
市检察院,云阳县检察院,检察官助理1,1,2,2,0
市检察院,云阳县检察院,检察官助理2,1,1,1,0
市检察院,云阳县检察院,检察官助理3,1,0,0,0
市检察院,奉节县检察院,综合管理,1,3,2,0
市检察院,巫山县检察院,检察官助理1,1,5,5,2
市检察院,巫山县检察院,检察官助理2,1,1,1,0
市检察院,巫山县检察院,综合管理,1,5,5,0
市检察院,巫溪县检察院,检察官助理1,1,0,0,0
市检察院,巫溪县检察院,检察官助理2,1,0,0,0
市检察院,石柱县检察院,检察官助理,1,1,1,1
市检察院,秀山县检察院,检察官助理1,1,0,0,0
市检察院,秀山县检察院,检察官助理2,1,1,1,0
市检察院,秀山县检察院,检察官助理3,1,1,0,0
市检察院,秀山县检察院,司法警察,1,3,2,0
市检察院,酉阳县检察院,检察官助理1,3,8,4,1
市检察院,酉阳县检察院,检察官助理2,3,16,9,3
市检察院,酉阳县检察院,综合管理,1,1,1,0
市检察院,彭水县检察院,检察官助理,1,1,0,0
市检察院,临江地区检察院（铁路运输检察院）,检察官助理,1,1,0,0
市残联（参照）,内设处室,综合管理1,1,25,21,8
市残联（参照）,内设处室,综合管理2,1,17,10,4
市委党校（参照）,内设处室,综合管理1,2,25,23,7
市委党校（参照）,内设处室,综合管理2,2,58,49,16
市委党史研究室（参照）,办公室,综合管理职位,1,28,6,3
市地矿局（参照）,内设处室,地矿业务,3,31,19,10
市地矿局（参照）,自然资源保护处,自然资源保护,1,17,10,4
市药监局,检查一局,药品监管1,1,18,6,2
市药监局,检查二局,药品监管2,2,31,0,0
市药监局,检查二局,药品监管3,1,2,0,0
市药监局,检查三局,药品监管4,1,39,4,2
市药监局,检查三局,药品监管5,1,54,2,2
市药监局,检查三局,药品监管6,1,4,0,0
市药监局,检查四局,药品监管7,1,11,1,1
市药监局,市药品不良反应监测中心（参照）,药品不良反应监测,1,19,1,0
市红十字会（参照）,机关党委（人事部）,综合文秘,1,25,0,0
市红十字会（参照）,机关党委（人事部）,财务管理,1,37,0,0
