date,open,close,high,low,volume,amount
2023-05-29,10.262,10.132,10.282,10.102,566074.0,0
2023-05-30,10.132,10.022,10.142,9.952,763997.0,0
2023-05-31,9.972,9.752,9.992,9.732,1179587.0,0
2023-06-01,9.752,9.742,9.832,9.652,743023.0,0
2023-06-02,9.832,10.082,10.122,9.792,1221843.0,0
2023-06-05,10.032,10.062,10.152,9.972,521846.0,0
2023-06-06,10.062,9.992,10.242,9.972,833273.0,0
2023-06-07,10.042,10.092,10.222,10.032,643698.0,0
2023-06-08,10.112,10.272,10.352,10.012,869397.0,0
2023-06-09,10.212,10.032,10.242,10.002,1315285.0,0
2023-06-12,9.972,9.942,10.052,9.912,758747.0,0
2023-06-13,9.912,9.922,9.992,9.842,849988.0,0
2023-06-14,9.987,9.907,10.167,9.897,1069200.0,0
2023-06-15,9.927,10.047,10.067,9.827,925301.0,0
2023-06-16,10.047,10.067,10.107,10.007,842034.0,0
2023-06-19,10.067,9.887,10.067,9.847,953997.0,0
2023-06-20,9.877,9.797,9.897,9.787,544551.0,0
2023-06-21,9.797,9.787,9.917,9.777,616583.0,0
2023-06-26,9.737,9.617,9.737,9.587,676577.0,0
2023-06-27,9.637,9.717,9.757,9.607,461702.0,0
2023-06-28,9.717,9.737,9.767,9.657,365396.0,0
2023-06-29,9.727,9.617,9.727,9.607,485906.0,0
2023-06-30,9.617,9.667,9.747,9.587,519053.0,0
2023-07-03,9.677,9.927,9.967,9.667,885091.0,0
2023-07-04,9.897,9.837,9.927,9.757,616301.0,0
2023-07-05,9.797,9.777,9.837,9.737,423482.0,0
2023-07-06,9.737,9.677,9.777,9.647,597096.0,0
2023-07-07,9.637,9.637,9.707,9.617,484441.0,0
2023-07-10,9.687,9.637,9.717,9.607,495882.0,0
2023-07-11,9.657,9.647,9.697,9.627,570809.0,0
2023-07-12,9.667,9.677,9.797,9.657,736084.0,0
2023-07-13,9.757,9.867,9.907,9.707,1124230.0,0
2023-07-14,9.867,9.897,9.987,9.837,719147.0,0
2023-07-17,9.847,9.747,9.847,9.697,608343.0,0
2023-07-18,9.727,9.687,9.757,9.657,471966.0,0
2023-07-19,9.667,9.747,9.757,9.667,382196.0,0
2023-07-20,9.767,9.757,9.877,9.727,554070.0,0
2023-07-21,9.747,9.777,9.827,9.717,377103.0,0
2023-07-24,9.767,9.697,9.767,9.677,426852.0,0
2023-07-25,9.887,10.157,10.167,9.877,2032958.0,0
2023-07-26,10.087,10.107,10.177,9.997,751663.0,0
2023-07-27,10.117,10.187,10.307,10.087,1115196.0,0
2023-07-28,10.127,10.697,10.737,10.107,2347013.0,0
2023-07-31,10.737,10.757,10.937,10.667,1854952.0,0
2023-08-01,10.697,10.597,10.807,10.567,957735.0,0
2023-08-02,10.497,10.467,10.677,10.367,1115900.0,0
2023-08-03,10.427,10.767,10.807,10.387,1175848.0,0
2023-08-04,10.857,10.737,10.967,10.647,1303131.0,0
2023-08-07,10.647,10.597,10.687,10.557,646913.0,0
2023-08-08,10.557,10.537,10.647,10.437,725705.0,0
2023-08-09,10.497,10.607,10.637,10.487,577608.0,0
2023-08-10,10.587,10.597,10.647,10.497,475595.0,0
2023-08-11,10.607,10.327,10.707,10.327,943539.0,0
2023-08-14,10.197,10.107,10.217,10.027,975920.0,0
2023-08-15,10.127,10.167,10.237,10.037,712813.0,0
2023-08-16,10.107,10.167,10.287,10.047,572904.0,0
2023-08-17,10.107,10.007,10.137,9.897,965058.0,0
2023-08-18,10.017,9.997,10.177,9.967,659819.0,0
2023-08-21,9.997,9.757,10.017,9.757,701498.0,0
2023-08-22,9.817,9.807,9.887,9.747,606808.0,0
2023-08-23,9.787,9.687,9.857,9.677,691810.0,0
2023-08-24,9.727,9.567,9.757,9.487,1291271.0,0
2023-08-25,9.537,9.667,9.767,9.517,845350.0,0
2023-08-28,10.277,9.957,10.367,9.927,1997610.0,0
2023-08-29,9.907,9.747,9.927,9.567,1964961.0,0
2023-08-30,9.707,9.567,9.707,9.567,1375638.0,0
2023-08-31,9.577,9.567,9.657,9.557,806474.0,0
2023-09-01,9.627,9.757,9.797,9.627,1138705.0,0
2023-09-04,9.787,9.997,10.027,9.767,1410029.0,0
2023-09-05,9.937,9.827,9.947,9.797,804177.0,0
2023-09-06,9.767,9.867,9.897,9.737,634841.0,0
2023-09-07,9.837,9.767,9.877,9.757,540042.0,0
2023-09-08,9.717,9.707,9.757,9.667,479030.0,0
2023-09-11,9.737,9.777,9.837,9.707,654486.0,0
2023-09-12,9.787,9.717,9.787,9.687,495485.0,0
2023-09-13,9.727,9.687,9.757,9.647,490218.0,0
2023-09-14,9.717,9.727,9.767,9.687,551650.0,0
2023-09-15,9.787,9.657,9.837,9.637,890476.0,0
2023-09-18,9.657,9.667,9.677,9.577,501325.0,0
2023-09-19,9.657,9.647,9.667,9.597,503664.0,0
2023-09-20,9.637,9.587,9.657,9.587,558872.0,0
2023-09-21,9.577,9.487,9.577,9.477,843930.0,0
2023-09-22,9.467,9.677,9.687,9.467,911484.0,0
2023-09-25,9.677,9.657,9.757,9.627,761211.0,0
2023-09-26,9.657,9.597,9.697,9.577,444980.0,0
2023-09-27,9.587,9.607,9.657,9.587,490311.0,0
2023-09-28,9.627,9.637,9.677,9.617,520697.0,0
2023-10-09,9.597,9.547,9.607,9.497,695828.0,0
2023-10-10,9.627,9.457,9.637,9.457,820749.0,0
2023-10-11,9.527,9.417,9.527,9.397,724116.0,0
2023-10-12,9.547,9.547,9.597,9.477,853058.0,0
2023-10-13,9.467,9.437,9.507,9.387,684483.0,0
2023-10-16,9.437,9.447,9.467,9.387,501624.0,0
2023-10-17,9.447,9.457,9.487,9.397,493525.0,0
2023-10-18,9.427,9.387,9.457,9.347,651825.0,0
2023-10-19,9.347,9.037,9.357,9.027,1188961.0,0
2023-10-20,8.987,9.037,9.107,8.947,526139.0,0
2023-10-23,9.027,8.937,9.037,8.867,530404.0,0
2023-10-24,8.977,8.987,9.047,8.877,760653.0,0
2023-10-25,8.947,8.817,8.977,8.797,1411450.0,0
2023-10-26,8.747,8.847,8.857,8.737,599991.0,0
2023-10-27,8.817,8.887,8.917,8.767,919771.0,0
2023-10-30,8.837,8.887,8.907,8.787,805690.0,0
2023-10-31,8.867,8.897,8.927,8.847,652855.0,0
2023-11-01,8.987,8.917,8.997,8.887,567300.0,0
2023-11-02,8.937,8.917,9.037,8.907,619430.0,0
2023-11-03,8.927,8.917,8.957,8.867,705463.0,0
2023-11-06,8.947,9.127,9.127,8.947,1007062.0,0
2023-11-07,9.097,9.037,9.097,9.017,640866.0,0
2023-11-08,9.017,8.937,9.037,8.887,877819.0,0
2023-11-09,8.897,8.927,8.957,8.867,639136.0,0
2023-11-10,8.887,8.737,8.907,8.727,1045044.0,0
2023-11-13,8.747,8.687,8.767,8.657,770043.0,0
2023-11-14,8.677,8.707,8.767,8.667,596859.0,0
2023-11-15,8.807,8.807,8.887,8.777,1109140.0,0
2023-11-16,8.817,8.677,8.827,8.667,922622.0,0
2023-11-17,8.657,8.587,8.687,8.557,903362.0,0
2023-11-20,8.587,8.627,8.657,8.537,639528.0,0
2023-11-21,8.667,8.717,8.787,8.657,1041166.0,0
2023-11-22,8.697,8.597,8.747,8.577,737490.0,0
2023-11-23,8.587,8.587,8.597,8.507,846656.0,0
2023-11-24,8.547,8.537,8.567,8.517,684695.0,0
2023-11-27,8.527,8.447,8.527,8.407,836188.0,0
2023-11-28,8.427,8.387,8.457,8.387,786175.0,0
2023-11-29,8.387,8.157,8.407,8.137,1467597.0,0
2023-11-30,8.127,8.117,8.167,8.057,901765.0,0
2023-12-01,8.087,8.097,8.117,8.017,778057.0,0
2023-12-04,8.107,8.067,8.117,8.047,605438.0,0
2023-12-05,8.047,7.917,8.057,7.907,787378.0,0
2023-12-06,7.877,7.937,8.007,7.837,753056.0,0
2023-12-07,7.927,7.877,7.927,7.817,585380.0,0
2023-12-08,7.847,7.737,7.887,7.737,1021152.0,0
2023-12-11,7.657,7.787,7.817,7.567,1133663.0,0
2023-12-12,7.747,7.857,7.937,7.737,855016.0,0
2023-12-13,7.817,7.597,7.827,7.587,1061302.0,0
2023-12-14,7.647,7.587,7.717,7.587,742901.0,0
2023-12-15,7.637,7.647,7.787,7.627,988939.0,0
2023-12-18,7.617,7.567,7.677,7.527,654426.0,0
2023-12-19,7.557,7.537,7.607,7.507,644071.0,0
2023-12-20,7.547,7.467,7.587,7.467,715634.0,0
2023-12-21,7.447,7.607,7.627,7.427,1017047.0,0
2023-12-22,7.627,7.637,7.717,7.547,1005645.0,0
2023-12-25,7.617,7.627,7.637,7.577,413971.0,0
2023-12-26,7.627,7.537,7.637,7.507,541896.0,0
2023-12-27,7.537,7.557,7.567,7.457,641534.0,0
2023-12-28,7.547,7.887,7.907,7.517,1661592.0,0
2023-12-29,7.857,7.827,7.917,7.787,853853.0,0
2024-01-02,7.827,7.647,7.857,7.647,1158366.0,0
2024-01-03,7.627,7.637,7.657,7.587,733610.0,0
2024-01-04,7.627,7.547,7.627,7.517,864194.0,0
2024-01-05,7.537,7.707,7.877,7.507,1991622.0,0
2024-01-08,7.667,7.587,7.737,7.547,1121156.0,0
2024-01-09,7.597,7.617,7.627,7.527,766194.0,0
2024-01-10,7.597,7.527,7.627,7.527,858621.0,0
2024-01-11,7.517,7.607,7.657,7.467,934686.0,0
2024-01-12,7.567,7.627,7.707,7.547,772582.0,0
2024-01-15,7.597,7.647,7.727,7.567,745133.0,0
2024-01-16,7.627,7.777,7.787,7.597,1438313.0,0
2024-01-17,7.767,7.667,7.827,7.667,1482296.0,0
2024-01-18,7.647,7.637,7.677,7.437,1755132.0,0
2024-01-19,7.597,7.607,7.637,7.537,963981.0,0
2024-01-22,7.597,7.537,7.697,7.477,1580320.0,0
2024-01-23,7.487,7.597,7.617,7.397,1135545.0,0
2024-01-24,7.667,7.767,7.777,7.507,1759123.0,0
2024-01-25,7.767,7.937,7.977,7.707,2162514.0,0
2024-01-26,7.907,8.057,8.107,7.877,2272287.0,0
2024-01-29,8.127,8.137,8.317,8.017,2376252.0,0
2024-01-30,8.047,7.937,8.137,7.927,1579122.0,0
2024-01-31,7.897,7.897,7.997,7.817,1357217.0,0
2024-02-01,7.847,7.847,7.917,7.777,1055260.0,0
2024-02-02,7.857,7.707,7.907,7.507,1634214.0,0
2024-02-05,7.627,7.817,7.867,7.547,1803592.0,0
2024-02-06,7.737,8.117,8.117,7.727,1995410.0,0
2024-02-07,8.057,8.047,8.107,7.917,2062015.0,0
2024-02-08,8.017,8.107,8.107,7.957,1656814.0,0
2024-02-19,8.197,8.247,8.247,8.087,1605243.0,0
2024-02-20,8.227,8.257,8.277,8.167,1123564.0,0
2024-02-21,8.217,9.237,9.237,8.207,5055285.0,0
2024-02-22,9.087,9.337,9.347,9.057,4922325.0,0
2024-02-23,9.317,9.287,9.677,9.277,3567480.0,0
2024-02-26,9.217,8.967,9.317,8.937,2862609.0,0
2024-02-27,8.927,8.937,9.037,8.897,1981905.0,0
2024-02-28,8.947,8.927,9.137,8.837,3082693.0,0
2024-02-29,8.857,9.027,9.027,8.847,1845344.0,0
2024-03-01,9.027,8.927,9.037,8.867,1828103.0,0
2024-03-04,8.887,8.767,8.937,8.757,1655930.0,0
2024-03-05,8.737,8.867,8.907,8.697,1817319.0,0
2024-03-06,8.837,8.767,8.887,8.767,1345640.0,0
2024-03-07,8.767,8.817,9.077,8.767,2016166.0,0
2024-03-08,8.787,8.817,8.877,8.737,1113974.0,0
2024-03-11,8.817,8.907,8.907,8.777,1210673.0,0
2024-03-12,8.917,8.997,9.027,8.847,1641262.0,0
2024-03-13,8.967,8.767,8.987,8.737,1768039.0,0
2024-03-14,8.737,8.667,8.817,8.637,1409400.0,0
2024-03-15,8.987,9.037,9.187,8.937,3750208.0,0
2024-03-18,8.997,8.977,9.047,8.927,1671397.0,0
2024-03-19,8.967,8.837,8.977,8.827,1293216.0,0
2024-03-20,8.817,8.887,8.907,8.807,872663.0,0
2024-03-21,8.887,8.907,8.957,8.857,864466.0,0
2024-03-22,8.887,8.797,8.887,8.747,1028142.0,0
2024-03-25,8.787,8.837,8.927,8.757,953202.0,0
2024-03-26,8.887,9.037,9.097,8.857,1740021.0,0
2024-03-27,8.997,8.967,9.067,8.947,1274136.0,0
2024-03-28,8.947,8.927,9.007,8.817,1302189.0,0
2024-03-29,8.887,8.957,9.007,8.867,872759.0,0
2024-04-01,8.957,9.077,9.087,8.947,1191088.0,0
2024-04-02,9.067,8.987,9.117,8.967,1085458.0,0
2024-04-03,8.967,8.897,8.987,8.857,981846.0,0
2024-04-08,8.857,8.867,8.927,8.807,906361.0,0
2024-04-09,8.867,8.837,8.907,8.797,857157.0,0
2024-04-10,8.817,8.717,8.847,8.707,1246391.0,0
2024-04-11,8.677,8.687,8.727,8.557,1010213.0,0
2024-04-12,8.657,8.497,8.707,8.477,1305454.0,0
2024-04-15,8.507,8.727,8.757,8.497,1453203.0,0
2024-04-16,8.717,8.717,8.827,8.657,1478036.0,0
2024-04-17,8.697,9.057,9.067,8.647,2232641.0,0
2024-04-18,9.017,9.237,9.467,8.997,3165914.0,0
2024-04-19,9.147,9.127,9.257,9.097,1457675.0,0
2024-04-22,9.077,8.937,9.247,8.887,2009818.0,0
2024-04-23,8.947,8.977,9.087,8.897,1240027.0,0
2024-04-24,8.957,8.967,9.007,8.897,941568.0,0
2024-04-25,8.937,9.047,9.057,8.917,1113812.0,0
2024-04-26,9.027,9.037,9.107,8.917,1607628.0,0
2024-04-29,8.997,9.247,9.337,8.957,2169177.0,0
2024-04-30,9.237,9.227,9.317,9.167,1324557.0,0
2024-05-06,9.397,9.327,9.547,9.277,1784101.0,0
2024-05-07,9.307,9.317,9.327,9.197,1087057.0,0
2024-05-08,9.277,9.167,9.317,9.147,1221791.0,0
2024-05-09,9.147,9.197,9.257,9.147,1069461.0,0
2024-05-10,9.207,9.377,9.397,9.197,1767836.0,0
2024-05-13,9.337,9.407,9.447,9.247,1402499.0,0
2024-05-14,9.437,9.347,9.497,9.317,1075784.0,0
2024-05-15,9.337,9.267,9.357,9.247,868297.0,0
2024-05-16,9.287,9.607,9.647,9.267,3076292.0,0
2024-05-17,9.617,9.857,9.857,9.567,2841749.0,0
2024-05-20,9.867,9.817,9.967,9.747,2170210.0,0
2024-05-21,9.757,9.987,10.057,9.747,2030049.0,0
2024-05-22,9.997,9.997,10.177,9.897,2115531.0,0
2024-05-23,9.967,9.837,10.027,9.807,1841623.0,0
2024-05-24,9.807,9.747,9.927,9.737,1398276.0,0
2024-05-27,9.747,9.947,9.967,9.747,1454361.0,0
2024-05-28,9.937,9.837,10.017,9.797,1204323.0,0
2024-05-29,9.817,9.697,9.887,9.667,1444811.0,0
2024-05-30,9.677,9.557,9.777,9.497,1325496.0,0
2024-05-31,9.577,9.547,9.627,9.547,826707.0,0
2024-06-03,9.557,9.417,9.567,9.347,1326697.0,0
2024-06-04,9.387,9.457,9.487,9.347,981005.0,0
2024-06-05,9.477,9.307,9.507,9.307,1018968.0,0
2024-06-06,9.337,9.337,9.417,9.317,1049332.0,0
2024-06-07,9.357,9.427,9.447,9.327,1170126.0,0
2024-06-11,9.417,9.307,9.457,9.227,1337629.0,0
2024-06-12,9.287,9.317,9.347,9.217,957426.0,0
2024-06-13,9.327,9.237,9.367,9.237,1203508.0,0
2024-06-14,9.306,9.336,9.386,9.146,1637990.0,0
2024-06-17,9.286,9.256,9.316,9.236,681217.0,0
2024-06-18,9.266,9.236,9.316,9.196,700653.0,0
2024-06-19,9.256,9.306,9.366,9.236,796184.0,0
2024-06-20,9.316,9.206,9.326,9.206,629628.0,0
2024-06-21,9.206,9.156,9.246,9.106,830545.0,0
2024-06-24,9.126,9.136,9.226,9.036,947082.0,0
2024-06-25,9.146,9.236,9.286,9.136,769993.0,0
2024-06-26,9.216,9.236,9.286,9.176,628599.0,0
2024-06-27,9.216,9.286,9.366,9.156,928882.0,0
2024-06-28,9.256,9.306,9.416,9.246,918090.0,0
2024-07-01,9.246,9.506,9.506,9.196,1343051.0,0
2024-07-02,9.456,9.556,9.636,9.436,1384386.0,0
2024-07-03,9.556,9.466,9.586,9.446,713067.0,0
2024-07-04,9.456,9.416,9.536,9.406,735044.0,0
2024-07-05,9.416,9.126,9.446,9.076,1713354.0,0
2024-07-08,9.096,9.086,9.176,9.006,868660.0,0
2024-07-09,9.096,9.226,9.256,9.066,1032485.0,0
2024-07-10,9.226,9.296,9.356,9.206,873865.0,0
2024-07-11,9.366,9.286,9.386,9.226,721392.0,0
2024-07-12,9.276,9.466,9.466,9.276,1214164.0,0
2024-07-15,9.466,9.486,9.506,9.416,869412.0,0
2024-07-16,9.486,9.456,9.526,9.396,943008.0,0
2024-07-17,9.456,9.556,9.576,9.436,1220168.0,0
2024-07-18,9.536,9.566,9.586,9.456,1087061.0,0
2024-07-19,9.536,9.526,9.576,9.446,898723.0,0
2024-07-22,9.516,9.386,9.536,9.346,994481.0,0
2024-07-23,9.406,9.336,9.486,9.316,1020154.0,0
2024-07-24,9.336,9.286,9.396,9.276,724518.0,0
2024-07-25,9.276,9.246,9.306,9.156,856404.0,0
2024-07-26,9.256,9.186,9.276,9.126,929552.0,0
2024-07-29,9.176,9.266,9.296,9.126,781552.0,0
2024-07-30,9.256,9.236,9.286,9.186,613268.0,0
2024-07-31,9.236,9.426,9.436,9.226,1096906.0,0
2024-08-01,9.406,9.426,9.476,9.326,733884.0,0
2024-08-02,9.376,9.296,9.406,9.286,590229.0,0
2024-08-05,9.266,9.206,9.376,9.206,758979.0,0
2024-08-06,9.226,9.086,9.276,9.046,1265537.0,0
2024-08-07,9.106,9.086,9.136,9.066,517608.0,0
2024-08-08,9.076,9.096,9.136,9.056,500411.0,0
2024-08-09,9.116,9.196,9.256,9.096,730274.0,0
2024-08-12,9.176,9.166,9.206,9.136,353013.0,0
2024-08-13,9.176,9.106,9.186,9.076,622077.0,0
2024-08-14,9.096,9.076,9.136,9.066,436380.0,0
2024-08-15,9.076,9.186,9.216,9.026,776247.0,0
2024-08-16,9.236,9.286,9.366,9.206,1260368.0,0
2024-08-19,9.286,9.446,9.456,9.276,1482985.0,0
2024-08-20,9.476,9.496,9.586,9.436,1569187.0,0
2024-08-21,9.456,9.506,9.536,9.366,1034888.0,0
2024-08-22,9.496,9.536,9.606,9.476,1109030.0,0
2024-08-23,9.546,9.626,9.656,9.476,1071906.0,0
2024-08-26,9.656,9.646,9.706,9.576,740675.0,0
2024-08-27,9.626,9.586,9.676,9.526,723137.0,0
2024-08-28,9.566,9.486,9.586,9.436,942548.0,0
2024-08-29,9.466,9.286,9.536,9.266,1197676.0,0
2024-08-30,9.266,9.316,9.416,9.266,1294059.0,0
2024-09-02,9.276,9.266,9.366,9.246,968836.0,0
2024-09-03,9.266,9.236,9.286,9.156,916581.0,0
2024-09-04,9.206,9.176,9.306,9.156,847992.0,0
2024-09-05,9.186,9.226,9.236,9.136,594209.0,0
2024-09-06,9.216,9.236,9.366,9.206,878865.0,0
2024-09-09,9.206,9.006,9.226,8.996,1639175.0,0
2024-09-10,9.016,9.056,9.076,8.936,767901.0,0
2024-09-11,9.036,8.806,9.036,8.786,1108727.0,0
2024-09-12,8.806,8.896,8.926,8.766,581834.0,0
2024-09-13,8.886,8.856,8.976,8.856,566462.0,0
2024-09-18,8.876,8.926,8.936,8.816,443611.0,0
2024-09-19,8.946,8.966,8.996,8.836,684293.0,0
2024-09-20,8.966,9.056,9.056,8.936,797297.0,0
2024-09-23,9.046,9.196,9.246,9.026,896908.0,0
2024-09-24,9.266,9.526,9.526,9.236,1638213.0,0
2024-09-25,9.676,9.656,9.856,9.606,2160694.0,0
2024-09-26,9.656,10.306,10.306,9.656,3086457.0,0
2024-09-27,10.506,10.576,10.716,10.186,3840016.0,0
2024-09-30,10.776,11.366,11.456,10.716,5430284.0,0
2024-10-08,12.586,12.036,12.586,11.496,5888978.0,0
2024-10-09,11.786,10.836,11.786,10.816,4269345.0,0
2024-10-10,11.022,11.382,11.662,11.002,3426422.0,0
2024-10-11,11.402,11.122,11.572,10.982,2070891.0,0
2024-10-14,11.382,11.422,11.582,11.192,2400595.0,0
2024-10-15,11.342,11.302,11.632,11.282,2072841.0,0
2024-10-16,11.202,11.462,11.582,11.172,1914494.0,0
2024-10-17,11.472,11.352,11.632,11.332,1653708.0,0
2024-10-18,11.312,11.442,11.582,11.082,2604654.0,0
2024-10-21,11.342,11.212,11.342,11.032,2806655.0,0
2024-10-22,11.162,11.192,11.332,11.122,1617787.0,0
2024-10-23,11.222,11.262,11.292,11.152,1511866.0,0
2024-10-24,11.212,11.152,11.262,11.122,885299.0,0
2024-10-25,11.172,11.112,11.182,11.092,1105755.0,0
2024-10-28,11.082,11.042,11.082,10.932,1169487.0,0
2024-10-29,11.022,10.942,11.142,10.932,1198025.0,0
2024-10-30,10.902,10.722,10.982,10.672,1482403.0,0
2024-10-31,10.732,10.782,10.842,10.642,1250205.0,0
2024-11-01,10.782,10.832,10.952,10.742,1589811.0,0
2024-11-04,10.832,10.862,10.862,10.662,1131516.0,0
2024-11-05,10.822,11.052,11.062,10.792,1665418.0,0
2024-11-06,11.022,10.952,11.042,10.872,1462286.0,0
2024-11-07,10.902,11.312,11.332,10.882,2242844.0,0
2024-11-08,11.342,11.122,11.412,11.102,1895104.0,0
2024-11-11,11.032,11.002,11.082,10.872,1486952.0,0
2024-11-12,10.982,10.942,11.242,10.912,1717663.0,0
2024-11-13,10.902,11.012,11.102,10.882,1086263.0,0
2024-11-14,10.992,10.942,11.102,10.932,1159783.0,0
2024-11-15,10.902,10.842,11.012,10.822,1215784.0,0
2024-11-18,11.032,11.152,11.442,11.022,3797324.0,0
2024-11-19,11.152,11.082,11.362,10.952,2430037.0,0
2024-11-20,11.072,11.042,11.152,11.012,1286572.0,0
2024-11-21,11.022,10.992,11.052,10.962,883408.0,0
2024-11-22,10.992,10.682,11.012,10.682,1625317.0,0
2024-11-25,10.682,10.582,10.742,10.542,1166020.0,0
2024-11-26,10.582,10.672,10.712,10.542,831078.0,0
2024-11-27,10.642,10.792,10.792,10.552,895178.0,0
2024-11-28,10.792,10.742,10.822,10.722,733169.0,0
2024-11-29,10.772,10.782,10.862,10.742,1028488.0,0
2024-12-02,10.792,10.792,10.802,10.712,975434.0,0
2024-12-03,10.772,10.892,10.902,10.752,1082559.0,0
2024-12-04,10.842,10.862,10.932,10.772,1007471.0,0
2024-12-05,10.842,10.842,10.902,10.812,687109.0,0
2024-12-06,10.842,11.062,11.102,10.832,1726269.0,0
2024-12-09,11.032,11.072,11.122,10.992,964063.0,0
2024-12-10,11.302,11.192,11.352,11.152,2167807.0,0
2024-12-11,11.192,11.132,11.232,11.122,967691.0,0
2024-12-12,11.132,11.252,11.272,11.112,986235.0,0
2024-12-13,11.192,10.962,11.202,10.962,1343793.0,0
2024-12-16,10.962,10.972,11.062,10.932,805718.0,0
2024-12-17,10.972,10.932,11.052,10.922,802120.0,0
2024-12-18,10.982,11.052,11.142,10.972,1016590.0,0
2024-12-19,10.992,10.992,11.042,10.942,697379.0,0
2024-12-20,10.992,11.022,11.102,10.982,714646.0,0
2024-12-23,11.042,11.132,11.242,11.042,1659405.0,0
2024-12-24,11.122,11.262,11.272,11.122,1350837.0,0
2024-12-25,11.262,11.322,11.422,11.242,1475283.0,0
2024-12-26,11.322,11.262,11.332,11.182,1000075.0,0
2024-12-27,11.272,11.232,11.302,11.062,1290012.0,0
2024-12-30,11.182,11.352,11.372,11.182,1351846.0,0
2024-12-31,11.332,11.102,11.392,11.102,1475367.0,0
2025-01-02,11.132,10.832,11.172,10.792,1819597.0,0
2025-01-03,10.842,10.782,10.942,10.762,1154680.0,0
2025-01-06,10.782,10.842,10.882,10.622,1085536.0,0
2025-01-07,10.822,10.912,10.932,10.772,747863.0,0
2025-01-08,10.902,10.902,11.032,10.802,1062386.0,0
2025-01-09,10.902,10.802,10.902,10.752,751483.0,0
2025-01-10,10.802,10.702,10.862,10.682,798134.0,0
2025-01-13,10.652,10.602,10.662,10.482,934966.0,0
2025-01-14,10.602,10.782,10.802,10.592,824629.0,0
2025-01-15,10.782,10.882,10.982,10.762,1031631.0,0
2025-01-16,10.952,10.972,10.992,10.872,872964.0,0
2025-01-17,10.932,10.852,10.952,10.822,689765.0,0
2025-01-20,10.902,10.822,10.922,10.802,832029.0,0
2025-01-21,10.852,10.732,10.852,10.722,902069.0,0
2025-01-22,10.722,10.492,10.732,10.482,1347129.0,0
2025-01-23,10.572,10.722,10.802,10.572,1514920.0,0
2025-01-24,10.722,10.742,10.792,10.622,944944.0,0
2025-01-27,10.782,10.872,10.952,10.782,1151935.0,0
2025-02-05,10.902,10.772,10.922,10.732,843434.0,0
2025-02-06,10.752,10.762,10.852,10.702,955603.0,0
2025-02-07,10.762,10.782,10.852,10.712,1407493.0,0
2025-02-10,10.782,10.832,10.902,10.762,1026591.0,0
2025-02-11,10.802,10.822,10.872,10.772,844520.0,0
2025-02-12,10.812,10.822,10.832,10.742,988807.0,0
2025-02-13,10.822,10.902,10.952,10.802,1358639.0,0
2025-02-14,10.892,10.952,10.952,10.832,973058.0,0
2025-02-17,11.002,11.182,11.202,10.952,2061965.0,0
2025-02-18,11.162,11.212,11.362,11.162,1996610.0,0
2025-02-19,11.202,11.112,11.212,11.082,1177749.0,0
2025-02-20,11.112,11.062,11.162,11.052,784396.0,0
2025-02-21,11.092,11.042,11.112,10.952,973969.0,0
2025-02-24,11.032,10.992,11.092,10.962,949956.0,0
2025-02-25,10.962,10.872,10.982,10.862,917156.0,0
2025-02-26,10.872,10.922,11.002,10.872,841646.0,0
2025-02-27,10.932,11.022,11.032,10.862,977310.0,0
2025-02-28,10.982,10.932,11.082,10.902,949088.0,0
2025-03-03,10.922,10.912,10.962,10.852,830457.0,0
2025-03-04,10.872,10.912,10.952,10.842,683179.0,0
2025-03-05,10.922,11.062,11.072,10.882,1080645.0,0
2025-03-06,11.092,11.032,11.102,11.002,877408.0,0
2025-03-07,11.032,11.072,11.092,11.002,835537.0,0
2025-03-10,11.062,10.992,11.072,10.952,663834.0,0
2025-03-11,10.942,11.012,11.012,10.922,608975.0,0
2025-03-12,11.002,11.252,11.272,10.962,1877318.0,0
2025-03-13,11.212,11.242,11.312,11.182,1312371.0,0
2025-03-14,11.222,11.372,11.402,11.222,1722418.0,0
2025-03-17,11.032,10.902,11.072,10.862,4603612.0,0
2025-03-18,10.922,10.892,10.942,10.882,1605290.0,0
2025-03-19,10.882,10.922,10.932,10.862,1362455.0,0
2025-03-20,10.912,10.892,11.012,10.892,1101157.0,0
2025-03-21,10.892,10.822,10.922,10.792,1376389.0,0
2025-03-24,10.812,10.782,10.842,10.742,1164577.0,0
2025-03-25,10.782,10.832,10.832,10.762,735609.0,0
2025-03-26,10.822,10.782,10.832,10.772,740863.0,0
2025-03-27,10.772,10.792,10.812,10.752,553349.0,0
2025-03-28,10.792,10.752,10.802,10.742,644946.0,0
2025-03-31,10.762,10.662,10.782,10.662,1116126.0,0
2025-04-01,10.672,10.672,10.702,10.622,681470.0,0
2025-04-02,10.652,10.772,10.812,10.652,932642.0,0
2025-04-03,10.712,10.742,10.792,10.702,643914.0,0
2025-04-07,10.402,10.102,10.452,9.882,2545560.0,0
2025-04-08,10.082,10.222,10.252,10.062,1463988.0,0
2025-04-09,10.132,10.202,10.232,10.062,1064394.0,0
2025-04-10,10.262,10.302,10.332,10.222,866548.0,0
2025-04-11,10.272,10.292,10.302,10.232,583879.0,0
2025-04-14,10.352,10.332,10.442,10.322,785993.0,0
2025-04-15,10.322,10.352,10.372,10.302,722754.0,0
2025-04-16,10.332,10.402,10.412,10.312,842822.0,0
2025-04-17,10.352,10.462,10.482,10.332,823919.0,0
2025-04-18,10.442,10.582,10.592,10.432,727098.0,0
2025-04-21,10.402,10.422,10.532,10.372,1114184.0,0
2025-04-22,10.422,10.442,10.462,10.382,831129.0,0
2025-04-23,10.442,10.412,10.452,10.372,586383.0,0
2025-04-24,10.402,10.432,10.462,10.392,689256.0,0
2025-04-25,10.442,10.412,10.452,10.392,637547.0,0
2025-04-28,10.402,10.402,10.442,10.362,642018.0,0
2025-04-29,10.402,10.382,10.422,10.352,649045.0,0
2025-04-30,10.362,10.312,10.372,10.292,869835.0,0
2025-05-06,10.322,10.362,10.402,10.292,854671.0,0
2025-05-07,10.412,10.432,10.442,10.372,1126270.0,0
2025-05-08,10.402,10.482,10.482,10.392,1056614.0,0
2025-05-09,10.472,10.552,10.572,10.462,999897.0,0
2025-05-12,10.562,10.562,10.622,10.532,895605.0,0
2025-05-13,10.592,10.692,10.732,10.552,1261031.0,0
2025-05-14,10.692,10.832,10.872,10.652,1683514.0,0
2025-05-15,10.832,10.792,10.902,10.782,1035460.0,0
2025-05-16,10.772,10.782,10.832,10.712,914744.0,0
2025-05-19,10.802,10.772,10.872,10.762,831391.0,0
2025-05-20,10.802,10.792,10.872,10.772,643635.0,0
2025-05-21,10.802,10.882,10.992,10.792,1328278.0,0
2025-05-22,10.852,10.952,10.962,10.842,1002968.0,0
2025-05-23,10.952,10.862,11.002,10.832,962643.0,0
2025-05-26,10.842,10.822,10.902,10.802,699159.0,0
2025-05-27,10.852,10.892,10.942,10.822,801915.0,0
2025-05-28,10.902,10.932,10.952,10.842,658179.0,0
